index_dec,index_hex,group,char,source
0,0,confirmed,ア,vision
1,1,confirmed,イ,vision
2,2,confirmed,ウ,vision
3,3,confirmed,エ,vision
4,4,confirmed,オ,vision
5,5,confirmed,カ,vision
6,6,confirmed,キ,vision
7,7,confirmed,ク,vision
8,8,confirmed,ケ,vision
9,9,confirmed,コ,vision
10,a,confirmed,サ,vision
11,b,confirmed,シ,vision
12,c,confirmed,ス,vision
13,d,confirmed,セ,vision
14,e,confirmed,ソ,vision
15,f,confirmed,タ,vision
16,10,confirmed,チ,vision
17,11,confirmed,ツ,vision
18,12,confirmed,テ,vision
19,13,confirmed,ト,vision
20,14,confirmed,ナ,vision
21,15,confirmed,ニ,vision
22,16,confirmed,ヌ,vision
23,17,confirmed,ネ,vision
24,18,confirmed,ノ,vision
25,19,confirmed,ハ,vision
26,1a,confirmed,ヒ,vision
27,1b,confirmed,フ,vision
28,1c,confirmed,ヘ,vision
29,1d,confirmed,ホ,vision
30,1e,confirmed,マ,vision
31,1f,confirmed,ミ,vision
32,20,confirmed,ム,vision
33,21,confirmed,メ,vision
34,22,confirmed,モ,vision
35,23,confirmed,ヤ,vision
36,24,confirmed,ユ,vision
37,25,confirmed,ヨ,vision
38,26,confirmed,ワ,vision
39,27,confirmed,ン,vision
40,28,confirmed,ラ,vision
41,29,confirmed,リ,vision
42,2a,confirmed,ル,vision
43,2b,confirmed,レ,vision
44,2c,confirmed,ロ,vision
45,2d,confirmed,ガ,vision
46,2e,confirmed,ギ,vision
47,2f,confirmed,グ,vision
48,30,confirmed,ゲ,vision
49,31,confirmed,ゴ,vision
50,32,confirmed,ザ,vision
51,33,confirmed,ジ,vision
52,34,confirmed,ズ,vision
53,35,confirmed,ゼ,vision
54,36,confirmed,ゾ,vision
55,37,confirmed,ダ,vision
56,38,confirmed,ヂ,vision
57,39,confirmed,ヅ,vision
58,3a,confirmed,デ,vision
59,3b,confirmed,ド,vision
60,3c,confirmed,バ,vision
61,3d,confirmed,ビ,vision
62,3e,confirmed,ブ,vision
63,3f,confirmed,ベ,vision
64,40,confirmed,ボ,vision
65,41,confirmed,パ,vision
66,42,confirmed,ピ,vision
67,43,confirmed,プ,vision
68,44,confirmed,ペ,vision
69,45,confirmed,ポ,vision
70,46,confirmed,ヴ,vision
71,47,confirmed,！,vision
72,48,confirmed,？,vision
73,49,confirmed,・,vision
74,4a,confirmed,ー,vision
75,4b,confirmed,ァ,vision
76,4c,confirmed,ィ,vision
77,4d,confirmed,ゥ,vision
78,4e,confirmed,ェ,vision
79,4f,confirmed,ォ,vision
80,50,confirmed,ャ,vision
81,51,confirmed,ュ,vision
82,52,confirmed,ョ,vision
83,53,confirmed,ッ,vision
84,54,confirmed,,blank
85,55,confirmed,１,vision
86,56,confirmed,２,vision
87,57,confirmed,３,vision
88,58,confirmed,４,vision
89,59,confirmed,５,vision
90,5a,confirmed,６,vision
91,5b,confirmed,７,vision
92,5c,confirmed,８,vision
93,5d,confirmed,９,vision
94,5e,confirmed,０,vision
95,5f,confirmed,Ｄ,vision
96,60,confirmed,鉄,vision
97,61,confirmed,Ｓ,vision
98,62,confirmed,Ｌ,vision
99,63,confirmed,の,vision
100,64,confirmed,た,vision
101,65,confirmed,て,vision
102,66,confirmed,天,vision
103,67,confirmed,使,vision
104,68,confirmed,羽,vision
105,69,confirmed,護,vision
106,6a,confirmed,身,vision
107,6b,confirmed,用,vision
108,6c,confirmed,。,vision
109,6d,confirmed,Ａ,vision
110,6e,confirmed,Ｔ,vision
111,6f,confirmed,＋,vision
112,70,confirmed,Ｐ,vision
113,71,confirmed,大,vision
114,72,confirmed,き,vision
115,73,confirmed,な,vision
116,74,confirmed,で,vision
117,75,confirmed,、,vision
118,76,confirmed,片,vision
119,77,confirmed,ほ,vision
120,78,confirmed,う,vision
121,79,confirmed,が,vision
122,7a,confirmed,に,vision
123,7b,confirmed,ゃ,vision
124,7c,confirmed,い,vision
125,7d,confirmed,る,vision
126,7e,confirmed,長,vision
127,7f,confirmed,程,vision
128,80,confirmed,も,vision
129,81,confirmed,あ,vision
130,82,confirmed,り,vision
131,83,confirmed,ょ,vision
132,84,confirmed,手,vision
133,85,confirmed,持,vision
134,86,confirmed,ち,vision
135,87,confirmed,剣,vision
136,88,confirmed,魔,vision
137,89,confirmed,力,vision
138,8a,confirmed,を,vision
139,8b,confirmed,高,vision
140,8c,confirmed,め,vision
141,8d,confirmed,っ,vision
142,8e,confirmed,え,vision
143,8f,confirmed,法,vision
144,90,confirmed,射,vision
145,91,confirmed,お,vision
146,92,confirmed,ま,vision
147,93,confirmed,と,vision
148,94,confirmed,強,vision
149,95,confirmed,ろ,vision
150,96,confirmed,か,vision
151,97,confirmed,Ｆ,vision
152,98,confirmed,－,vision
153,99,confirmed,し,vision
154,9a,confirmed,者,vision
155,9b,confirmed,わ,vision
156,9c,confirmed,れ,vision
157,9d,confirmed,光,vision
158,9e,confirmed,神,vision
159,9f,confirmed,聖,vision
160,a0,confirmed,修,vision
161,a1,confirmed,正,vision
162,a2,confirmed,効,vision
163,a3,confirmed,果,vision
164,a4,confirmed,美,vision
165,a5,confirmed,体,vision
166,a6,confirmed,く,vision
167,a7,confirmed,装,vision
168,a8,confirmed,備,vision
169,a9,confirmed,す,vision
170,aa,confirmed,‥,vision
171,ab,confirmed,Ｍ,vision
172,ac,confirmed,Ｖ,vision
173,ad,confirmed,解,vision
174,ae,confirmed,放,vision
175,af,confirmed,能,vision
176,b0,confirmed,上,vision
177,b1,confirmed,昇,vision
178,b2,confirmed,対,vision
179,b3,confirmed,極,vision
180,b4,confirmed,暗,vision
181,b5,confirmed,黒,vision
182,b6,confirmed,界,vision
183,b7,confirmed,接,vision
184,b8,confirmed,ん,vision
185,b9,confirmed,族,vision
186,ba,confirmed,召,vision
187,bb,confirmed,喚,vision
188,bc,confirmed,可,vision
189,bd,confirmed,木,vision
190,be,confirmed,作,vision
191,bf,confirmed,ら,vision
192,c0,confirmed,弓,vision
193,c1,confirmed,～,vision
194,c2,confirmed,は,vision
195,c3,confirmed,ひ,vision
196,c4,confirmed,け,vision
197,c5,confirmed,板,vision
198,c6,confirmed,型,vision
199,c7,confirmed,防,vision
200,c8,confirmed,御,vision
201,c9,confirmed,金,vision
202,ca,confirmed,属,vision
203,cb,confirmed,さ,vision
204,cc,confirmed,よ,vision
205,cd,confirmed,人,vision
206,ce,confirmed,じ,vision
207,cf,confirmed,ぶ,vision
208,d0,confirmed,ふ,vision
209,d1,confirmed,耐,vision
210,d2,confirmed,性,vision
211,d3,confirmed,こ,vision
212,d4,confirmed,守,vision
213,d5,confirmed,不,vision
214,d6,confirmed,思,vision
215,d7,confirmed,議,vision
216,d8,confirmed,石,vision
217,d9,confirmed,加,vision
218,da,confirmed,受,vision
219,db,confirmed,指,vision
220,dc,confirmed,揮,vision
221,dd,confirmed,範,vision
222,de,confirmed,囲,vision
223,df,confirmed,封,vision
224,e0,confirmed,ば,vision
225,e1,confirmed,そ,vision
226,e2,confirmed,早,vision
227,e3,confirmed,根,vision
228,e4,confirmed,部,vision
229,e5,confirmed,下,vision
230,e6,confirmed,含,vision
231,e7,confirmed,や,vision
232,e8,confirmed,ど,vision
233,e9,confirmed,ぎ,vision
234,ea,confirmed,秘,vision
235,eb,confirmed,「,vision
236,ec,confirmed,序,vision
237,ed,confirmed,章,vision
238,ee,confirmed,」,vision
239,ef,confirmed,だ,vision
240,f0,confirmed,一,vision
241,f1,confirmed,旅,vision
242,f2,confirmed,づ,vision
243,f3,confirmed,領,vision
244,f4,confirmed,村,vision
245,f5,confirmed,気,vision
246,f6,confirmed,多,vision
247,f7,confirmed,数,vision
248,f8,confirmed,日,vision
249,f9,confirmed,中,vision
250,fa,confirmed,顔,vision
251,fb,confirmed,見,vision
252,fc,confirmed,知,vision
253,fd,confirmed,術,vision
254,fe,confirmed,師,vision
255,ff,confirmed,少,vision
256,100,confirmed,年,vision
257,101,confirmed,昔,vision
258,102,confirmed,友,vision
259,103,confirmed,仲,vision
260,104,confirmed,宿,vision
261,105,confirmed,血,vision
262,106,confirmed,相,vision
263,107,confirmed,飛,vision
264,108,confirmed,び,vision
265,109,confirmed,外,vision
266,10a,confirmed,帝,vision
267,10b,confirmed,国,vision
268,10c,confirmed,騎,vision
269,10d,confirmed,士,vision
270,10e,confirmed,団,vision
271,10f,confirmed,攻,vision
272,110,confirmed,み,vision
273,111,confirmed,女,vision
274,112,confirmed,助,vision
275,113,confirmed,×,vision
276,114,confirmed,勝,vision
277,115,confirmed,利,vision
278,116,confirmed,条,vision
279,117,confirmed,件,vision
280,118,confirmed,撃,vision
281,119,confirmed,破,vision
282,11a,confirmed,敗,vision
283,11b,confirmed,北,vision
284,11c,confirmed,死,vision
285,11d,confirmed,亡,vision
286,11e,confirmed,右,vision
287,11f,confirmed,へ,vision
288,120,confirmed,逃,vision
289,121,confirmed,立,vision
290,122,confirmed,軍,vision
291,123,confirmed,無,vision
292,124,confirmed,事,vision
293,125,confirmed,出,vision
294,126,confirmed,達,vision
295,127,confirmed,主,vision
296,128,confirmed,彼,vision
297,129,confirmed,訪,vision
298,12a,confirmed,殿,vision
299,12b,confirmed,衛,vision
300,12c,confirmed,頼,vision
301,12d,confirmed,何,vision
302,12e,confirmed,目,vision
303,12f,confirmed,的,vision
304,130,confirmed,危,vision
305,131,confirmed,険,vision
306,132,confirmed,将,vision
307,133,confirmed,腕,vision
308,134,confirmed,隊,vision
309,135,confirmed,率,vision
310,136,confirmed,方,vision
311,137,confirmed,到,vision
312,138,confirmed,敵,vision
313,139,confirmed,全,vision
314,13a,confirmed,滅,vision
315,13b,confirmed,再,vision
316,13c,confirmed,包,vision
317,13d,confirmed,脱,vision
318,13e,confirmed,向,vision
319,13f,confirmed,山,vision
320,140,confirmed,急,vision
321,141,confirmed,弱,vision
322,142,confirmed,娘,vision
323,143,confirmed,追,vision
324,144,confirmed,振,vision
325,145,confirmed,切,vision
326,146,confirmed,ず,vision
327,147,confirmed,兵,vision
328,148,confirmed,前,vision
329,149,confirmed,戦,vision
330,14a,confirmed,謎,vision
331,14b,confirmed,退,vision
332,14c,confirmed,行,vision
333,14d,confirmed,着,vision
334,14e,confirmed,官,vision
335,14f,confirmed,総,vision
336,150,confirmed,本,vision
337,151,confirmed,有,vision
338,152,confirmed,名,vision
339,153,confirmed,込,vision
340,154,confirmed,竜,vision
341,155,confirmed,導,vision
342,156,confirmed,姿,vision
343,157,confirmed,司,vision
344,158,confirmed,祭,vision
345,159,confirmed,獣,vision
346,15a,confirmed,以,vision
347,15b,confirmed,傷,vision
348,15c,confirmed,激,vision
349,15d,confirmed,状,vision
350,15e,confirmed,態,vision
351,15f,confirmed,近,vision
352,160,confirmed,げ,vision
353,161,confirmed,害,vision
354,162,confirmed,新,vision
355,163,confirmed,聞,vision
356,164,confirmed,後,vision
357,165,confirmed,内,vision
358,166,confirmed,移,vision
359,167,confirmed,動,vision
360,168,confirmed,老,vision
361,169,confirmed,勇,vision
362,16a,confirmed,侵,vision
363,16b,confirmed,入,vision
364,16c,confirmed,重,vision
365,16d,confirmed,要,vision
366,16e,confirmed,物,vision
367,16f,confirmed,せ,vision
368,170,confirmed,恐,vision
369,171,confirmed,鋭,vision
370,172,confirmed,取,vision
371,173,confirmed,市,vision
372,174,confirmed,民,vision
373,175,confirmed,霊,vision
374,176,confirmed,復,vision
375,177,confirmed,活,vision
376,178,confirmed,合,vision
377,179,confirmed,流,vision
378,17a,confirmed,夜,vision
379,17b,confirmed,明,vision
380,17c,confirmed,辺,vision
381,17d,confirmed,閣,vision
382,17e,confirmed,昼,vision
383,17f,confirmed,闘,vision
384,180,confirmed,静,vision
385,181,confirmed,返,vision
386,182,confirmed,基,vision
387,183,confirmed,地,vision
388,184,confirmed,男,vision
389,185,confirmed,儀,vision
390,186,confirmed,式,vision
391,187,confirmed,邪,vision
392,188,confirmed,悪,vision
393,189,confirmed,配,vision
394,18a,confirmed,々,vision
395,18b,confirmed,安,vision
396,18c,confirmed,ね,vision
397,18d,confirmed,む,vision
398,18e,confirmed,味,vision
399,18f,confirmed,存,vision
400,190,confirmed,在,vision
401,191,confirmed,生,vision
402,192,confirmed,空,vision
403,193,confirmed,橘,vision
404,194,confirmed,完,vision
405,195,confirmed,武,vision
406,196,confirmed,青,vision
407,197,confirmed,城,vision
408,198,confirmed,報,vision
409,199,confirmed,告,vision
410,19a,confirmed,戻,vision
411,19b,confirmed,離,vision
412,19c,confirmed,道,vision
413,19d,confirmed,巨,vision
414,19e,confirmed,渡,vision
415,19f,confirmed,待,vision
416,1a0,confirmed,落,vision
417,1a1,confirmed,時,vision
418,1a2,confirmed,突,vision
419,1a3,confirmed,試,vision
420,1a4,confirmed,ざ,vision
421,1a5,confirmed,進,vision
422,1a6,confirmed,森,vision
423,1a7,confirmed,抜,vision
424,1a8,confirmed,開,vision
425,1a9,confirmed,土,vision
426,1aa,confirmed,瞬,vision
427,1ab,confirmed,猛,vision
428,1ac,confirmed,精,vision
429,1ad,confirmed,ぐ,vision
430,1ae,confirmed,繰,vision
431,1af,confirmed,広,vision
432,1b0,confirmed,Ｎ,vision
433,1b1,confirmed,Ｃ,vision
434,1b2,confirmed,川,vision
435,1b3,confirmed,話,vision
436,1b4,confirmed,必,vision
437,1b5,confirmed,分,vision
438,1b6,confirmed,野,vision
439,1b7,confirmed,望,vision
440,1b8,confirmed,阻,vision
441,1b9,confirmed,止,vision
442,1ba,confirmed,今,vision
443,1bb,confirmed,炎,vision
444,1bc,confirmed,案,vision
445,1bd,confirmed,同,vision
446,1be,confirmed,べ,vision
447,1bf,confirmed,百,vision
448,1c0,confirmed,言,vision
449,1c1,confirmed,参,vision
450,1c2,confirmed,謀,vision
451,1c3,confirmed,岩,vision
452,1c4,confirmed,場,vision
453,1c5,confirmed,所,vision
454,1c6,confirmed,隠,vision
455,1c7,confirmed,口,vision
456,1c8,confirmed,置,vision
457,1c9,confirmed,続,vision
458,1ca,confirmed,感,vision
459,1cb,confirmed,先,vision
460,1cc,confirmed,古,vision
461,1cd,confirmed,代,vision
462,1ce,confirmed,取,vision
463,1cf,confirmed,決,vision
464,1d0,confirmed,倒,vision
465,1d1,confirmed,現,vision
466,1d2,confirmed,専,vision
467,1d3,confirmed,去,vision
468,1d4,confirmed,輝,vision
469,1d5,confirmed,末,vision
470,1d6,confirmed,裔,vision
471,1d7,confirmed,治,vision
472,1d8,confirmed,伝,vision
473,1d9,confirmed,説,vision
474,1da,confirmed,化,vision
475,1db,confirmed,深,vision
476,1dc,confirmed,湖,vision
477,1dd,confirmed,底,vision
478,1de,confirmed,印,vision
479,1df,confirmed,納,vision
480,1e0,confirmed,幕,vision
481,1e1,confirmed,氷,vision
482,1e2,confirmed,救,vision
483,1e3,confirmed,残,vision
484,1e4,confirmed,最,vision
485,1e5,confirmed,短,vision
486,1e6,confirmed,距,vision
487,1e7,confirmed,河,vision
488,1e8,confirmed,徒,vision
489,1e9,confirmed,岸,vision
490,1ea,confirmed,況,vision
491,1eb,confirmed,他,vision
492,1ec,confirmed,探,vision
493,1ed,confirmed,余,vision
494,1ee,confirmed,裕,vision
495,1ef,confirmed,都,vision
496,1f0,confirmed,ぜ,vision
497,1f1,confirmed,王,vision
498,1f2,confirmed,難,vision
499,1f3,confirmed,造,vision
500,1f4,confirmed,陸,vision
501,1f5,confirmed,半,vision
502,1f6,confirmed,統,vision
503,1f7,confirmed,門,vision
504,1f8,confirmed,面,vision
505,1f9,confirmed,始,vision
506,1fa,confirmed,子,vision
507,1fb,confirmed,玉,vision
508,1fc,confirmed,座,vision
509,1fd,confirmed,度,vision
510,1fe,confirmed,器,vision
511,1ff,confirmed,語,vision
512,200,confirmed,笑,vision
513,201,confirmed,興,vision
514,202,confirmed,様,vision
515,203,confirmed,迎,vision
516,204,confirmed,繋,vision
517,205,confirmed,楽,vision
518,206,confirmed,当,vision
519,207,confirmed,操,vision
520,208,confirmed,走,vision
521,209,confirmed,港,vision
522,20a,confirmed,ゅ,vision
523,20b,confirmed,船,vision
524,20c,confirmed,準,vision
525,20d,confirmed,海,vision
526,20e,confirmed,峡,vision
527,20f,confirmed,業,vision
528,210,confirmed,ご,vision
529,211,confirmed,赤,vision
530,212,confirmed,染,vision
531,213,confirmed,成,vision
532,214,confirmed,功,vision
533,215,confirmed,順,vision
534,216,confirmed,調,vision
535,217,confirmed,挑,vision
536,218,confirmed,禁,vision
537,219,confirmed,断,vision
538,21a,confirmed,打,vision
539,21b,confirmed,脈,vision
540,21c,confirmed,混,vision
541,21d,confirmed,沌,vision
542,21e,confirmed,呪,vision
543,21f,confirmed,水,vision
544,220,confirmed,平,vision
545,221,confirmed,江,vision
546,222,confirmed,像,vision
547,223,confirmed,設,vision
548,224,confirmed,壇,vision
549,225,confirmed,桑,vision
550,226,confirmed,両,vision
551,227,confirmed,二,vision
552,228,confirmed,乙,vision
553,229,confirmed,文,vision
554,22a,confirmed,詠,vision
555,22b,confirmed,唱,vision
556,22c,confirmed,遵,vision
557,22d,confirmed,跡,vision
558,22e,confirmed,巫,vision
559,22f,confirmed,諸,vision
560,230,confirmed,元,vision
561,231,confirmed,携,vision
562,232,confirmed,捕,vision
563,233,confirmed,互,vision
564,234,confirmed,歩,vision
565,235,confirmed,ゆ,vision
566,236,confirmed,通,vision
567,237,confirmed,路,vision
568,238,confirmed,集,vision
569,239,confirmed,終,vision
570,23a,confirmed,壊,vision
571,23b,confirmed,瞳,vision
572,23c,confirmed,自,vision
573,23d,confirmed,信,vision
574,23e,confirmed,志,vision
575,23f,confirmed,満,vision
576,240,confirmed,千,vision
577,241,confirmed,符,vision
578,242,confirmed,肉,vision
579,243,confirmed,発,vision
580,244,confirmed,応,vision
581,245,confirmed,任,vision
582,246,confirmed,心,vision
583,247,confirmed,形,vision
584,248,confirmed,ぬ,vision
585,249,confirmed,熱,vision
586,24a,confirmed,小,vision
587,24b,confirmed,来,vision
588,24c,confirmed,予,vision
589,24d,confirmed,想,vision
590,24e,confirmed,速,vision
591,24f,confirmed,援,vision
592,250,confirmed,巣,vision
593,251,confirmed,住,vision
594,252,confirmed,ぞ,vision
595,253,confirmed,常,vision
596,254,confirmed,各,vision
597,255,confirmed,階,vision
598,256,confirmed,略,vision
599,257,confirmed,般,vision
600,258,confirmed,賊,vision
601,259,confirmed,警,vision
602,25a,confirmed,兄,vision
603,25b,confirmed,貴,vision
604,25c,confirmed,変,vision
605,25d,confirmed,ゃ,vision
606,25e,confirmed,考,vision
607,25f,confirmed,回,vision
608,260,confirmed,歯,vision
609,261,confirmed,願,vision
610,262,confirmed,私,vision
611,263,confirmed,好,vision
612,264,confirmed,帰,vision
613,265,confirmed,我,vision
614,266,confirmed,殺,vision
615,267,confirmed,務,vision
616,268,confirmed,真,vision
617,269,confirmed,似,vision
618,26a,confirmed,俺,vision
619,26b,confirmed,ゎ,vision
620,26c,confirmed,掃,vision
621,26d,confirmed,負,vision
622,26e,confirmed,闘,vision
623,26f,confirmed,陸,vision
624,270,confirmed,命,vision
625,271,confirmed,令,vision
626,272,confirmed,編,vision
627,273,confirmed,波,vision
628,274,confirmed,理,vision
629,275,confirmed,ぇ,vision
630,276,confirmed,申,vision
631,277,confirmed,営,vision
632,278,confirmed,抵,vision
633,279,confirmed,抗,vision
634,27a,confirmed,捨,vision
635,27b,confirmed,礼,vision
636,27c,confirmed,違,vision
637,27d,confirmed,陣,vision
638,27e,confirmed,悔,vision
639,27f,confirmed,痛,vision
640,280,confirmed,引,vision
641,281,confirmed,ぱ,vision
642,282,confirmed,意,vision
643,283,confirmed,了,vision
644,284,confirmed,暴,vision
645,285,confirmed,足,vision
646,286,confirmed,ぷ,vision
647,287,confirmed,失,vision
648,288,confirmed,撤,vision
649,289,confirmed,教,vision
650,28a,confirmed,良,vision
651,28b,confirmed,丈,vision
652,28c,confirmed,夫,vision
653,28d,confirmed,限,vision
654,28e,confirmed,初,vision
655,28f,confirmed,栄,vision
656,290,confirmed,夢,vision
657,291,confirmed,父,vision
658,292,confirmed,優,vision
659,293,confirmed,親,vision
660,294,confirmed,音,vision
661,295,confirmed,悲,vision
662,296,confirmed,仕,vision
663,297,confirmed,会,vision
664,298,confirmed,遠,vision
665,299,confirmed,機,vision
666,29a,confirmed,裏,vision
667,29b,confirmed,郎,vision
668,29c,confirmed,僕,vision
669,29d,confirmed,未,vision
670,29e,confirmed,熟,vision
671,29f,confirmed,討,vision
672,2a0,confirmed,荒,vision
673,2a1,confirmed,簡,vision
674,2a2,confirmed,単,vision
675,2a3,confirmed,息,vision
676,2a4,confirmed,実,vision
677,2a5,confirmed,偉,vision
678,2a6,confirmed,更,vision
679,2a7,confirmed,馬,vision
680,2a8,confirmed,細,vision
681,2a9,confirmed,工,vision
682,2aa,confirmed,頭,vision
683,2ab,confirmed,選,vision
684,2ac,confirmed,計,vision
685,2ad,confirmed,画,vision
686,2ae,confirmed,直,vision
687,2af,confirmed,送,vision
688,2b0,confirmed,念,vision
689,2b1,confirmed,怒,vision
690,2b2,confirmed,ば,vision
691,2b3,confirmed,次,vision
692,2b4,confirmed,福,vision
693,2b5,confirmed,声,vision
694,2b6,confirmed,供,vision
695,2b7,confirmed,ぽ,vision
696,2b8,confirmed,覚,vision
697,2b9,confirmed,品,vision
698,2ba,confirmed,忘,vision
699,2bb,confirmed,刃,vision
700,2bc,confirmed,町,vision
701,2bd,confirmed,結,vision
702,2be,confirmed,局,vision
703,2bf,confirmed,認,vision
704,2c0,confirmed,幸,vision
705,2c1,confirmed,運,vision
706,2c2,confirmed,Ｗ,vision
707,2c3,confirmed,Ｏ,vision
708,2c4,confirmed,油,vision
709,2c5,confirmed,Ｇ,vision
710,2c6,confirmed,Ｙ,vision
711,2c7,confirmed,食,vision
712,2c8,confirmed,Ｈ,vision
713,2c9,confirmed,街,vision
714,2ca,confirmed,関,vision
715,2cb,confirmed,書,vision
716,2cc,confirmed,別,vision
717,2cd,confirmed,世,vision
718,2ce,confirmed,久,vision
719,2cf,confirmed,葉,vision
720,2d0,confirmed,困,vision
721,2d1,confirmed,制,vision
722,2d2,confirmed,記,vision
723,2d3,confirmed,被,vision
724,2d4,confirmed,従,vision
725,2d5,confirmed,眠,vision
726,2d6,confirmed,姫,vision
727,2d7,confirmed,毎,vision
728,2d8,confirmed,然,vision
729,2d9,confirmed,資,vision
730,2da,confirmed,格,vision
731,2db,confirmed,絶,vision
732,2dc,confirmed,隊,vision
733,2dd,confirmed,左,vision
734,2de,confirmed,字,vision
735,2df,confirmed,誇,vision
736,2e0,confirmed,却,vision
737,2e1,confirmed,乗,vision
738,2e2,confirmed,勢,vision
739,2e3,confirmed,反,vision
740,2e4,confirmed,増,vision
741,2e5,confirmed,研,vision
742,2e6,confirmed,究,vision
743,2e7,confirmed,家,vision
744,2e8,confirmed,忠,vision
745,2e9,confirmed,Ｕ,vision
746,2ea,confirmed,散,vision
747,2eb,confirmed,弟,vision
748,2ec,confirmed,企,vision
749,2ed,confirmed,策,vision
750,2ee,confirmed,支,vision
751,2ef,confirmed,臭,vision
752,2f0,confirmed,転,vision
753,2f1,confirmed,滅,vision
754,2f2,confirmed,焼,vision
755,2f3,confirmed,火,vision
756,2f4,confirmed,乱,vision
757,2f5,confirmed,起,vision
758,2f6,confirmed,風,vision
759,2f7,confirmed,欲,vision
760,2f8,confirmed,得,vision
761,2f9,confirmed,覇,vision
762,2fa,confirmed,消,vision
763,2fb,confirmed,病,vision
764,2fc,confirmed,例,vision
765,2fd,confirmed,定,vision
766,2fe,confirmed,識,vision
767,2ff,confirmed,憤,vision
768,300,confirmed,争,vision
769,301,confirmed,歴,vision
770,302,confirmed,史,vision
771,303,confirmed,過,vision
772,304,confirmed,唯,vision
773,305,confirmed,怖,vision
774,306,confirmed,字,vision
775,307,confirmed,己,vision
776,308,confirmed,罪,vision
777,309,confirmed,義,vision
778,30a,confirmed,原,vision
779,30b,confirmed,和,vision
780,30c,confirmed,Ｋ,vision
781,30d,confirmed,Ｉ,vision
782,30e,confirmed,刻,vision
783,30f,confirmed,健,vision
784,310,confirmed,非,vision
785,311,confirmed,冷,vision
786,312,confirmed,逆,vision
787,313,confirmed,疲,vision
788,314,confirmed,算,vision
789,315,confirmed,異,vision
790,316,confirmed,創,vision
791,317,confirmed,姉,vision
792,318,confirmed,屋,vision
793,319,confirmed,質,vision
794,31a,confirmed,誓,vision
795,31b,confirmed,確,vision
796,31c,confirmed,影,vision
797,31d,confirmed,響,vision
798,31e,confirmed,閉,vision
799,31f,confirmed,承,vision
800,320,confirmed,圧,vision
801,321,confirmed,冒,vision
802,322,confirmed,買,vision
803,323,confirmed,愛,vision
804,324,confirmed,（,vision
805,325,confirmed,）,vision
806,326,confirmed,Ｅ,vision
807,327,confirmed,ぃ,vision
808,328,confirmed,ぅ,vision
809,329,confirmed,ぉ,vision
810,32a,confirmed,ぢ,vision
811,32b,confirmed,ぴ,vision
812,32c,confirmed,ぺ,vision
813,32d,confirmed,ヲ,vision
814,32e,confirmed,Ｂ,vision
815,32f,confirmed,Ｊ,vision
816,330,confirmed,Ｑ,vision
817,331,confirmed,Ｒ,vision
818,332,confirmed,Ｘ,vision
819,333,confirmed,Ｚ,vision
820,334,confirmed,政,vision
821,335,confirmed,塔,vision
822,336,confirmed,権,vision
823,337,confirmed,騒,vision
824,338,confirmed,善,vision
825,339,confirmed,驚,vision
826,33a,confirmed,四,vision
827,33b,confirmed,躍,vision
828,33c,confirmed,捜,vision
829,33d,confirmed,索,vision
830,33e,confirmed,英,vision
831,33f,confirmed,雄,vision
832,340,confirmed,孤,vision
833,341,confirmed,児,vision
834,342,confirmed,院,vision
835,343,confirmed,財,vision
836,344,confirmed,宝,vision
837,345,confirmed,奪,vision
838,346,confirmed,証,vision
839,347,confirmed,銀,vision
840,348,confirmed,景,vision
841,349,confirmed,色,vision
842,34a,confirmed,寸,vision
843,34b,confirmed,期,vision
844,34c,confirmed,婚,vision
845,34d,confirmed,勲,vision
846,34e,confirmed,富,vision
847,34f,confirmed,才,vision
848,350,confirmed,答,vision
849,351,confirmed,洞,vision
850,352,confirmed,察,vision
851,353,confirmed,校,vision
852,354,confirmed,展,vision
853,355,confirmed,位,vision
854,356,confirmed,働,vision
855,357,confirmed,因,vision
856,358,confirmed,燃,vision
857,359,confirmed,奇,vision
858,35a,confirmed,壮,vision
859,35b,confirmed,営,vision
860,35c,confirmed,販,vision
861,35d,confirmed,促,vision
862,35e,confirmed,売,vision
863,35f,confirmed,松,vision
864,360,confirmed,智,vision
865,361,confirmed,彦,vision
866,362,confirmed,暢,vision
867,363,confirmed,泰,vision
868,364,confirmed,鈴,vision
869,365,confirmed,田,vision
870,366,confirmed,慎,vision
871,367,confirmed,紀,vision
872,368,confirmed,塚,vision
873,369,confirmed,薮,vision
874,36a,confirmed,崎,vision
875,36b,confirmed,也,vision
876,36c,confirmed,渋,vision
877,36d,confirmed,谷,vision
878,36e,confirmed,佐,vision
879,36f,confirmed,藤,vision
880,370,confirmed,浩,vision
881,371,confirmed,俊,vision
882,372,confirmed,弘,vision
883,373,confirmed,宮,vision
884,374,confirmed,孝,vision
885,375,confirmed,雅,vision
886,376,confirmed,恭,vision
887,377,confirmed,肥,vision
888,378,confirmed,窪,vision
889,379,confirmed,剛,vision
890,37a,confirmed,春,vision
891,37b,confirmed,溝,vision
892,37c,confirmed,垂,vision
893,37d,confirmed,清,vision
894,37e,confirmed,徳,vision
895,37f,confirmed,表,vision
896,380,confirmed,示,vision
897,381,confirmed,択,vision
898,382,confirmed,療,vision
899,383,confirmed,費,vision
900,384,confirmed,刀,vision
901,385,confirmed,、,vision
902,386,confirmed,,blank
903,387,confirmed,厚,vision
904,388,confirmed,衣,vision
905,389,confirmed,軽,vision
906,38a,confirmed,黄,vision
907,38b,confirmed,／,vision
908,38c,confirmed,素,vision
909,38d,confirmed,甘,vision
910,38e,confirmed,館,vision
911,38f,confirmed,蹴,vision
912,390,confirmed,皆,vision
913,391,confirmed,付,vision
914,392,confirmed,潜,vision
915,393,confirmed,龍,vision
916,394,confirmed,押,vision
917,395,confirmed,頂,vision
918,396,confirmed,伏,vision
919,397,confirmed,駄,vision
920,398,confirmed,済,vision
921,399,confirmed,贈,vision
922,39a,confirmed,検,vision
923,39b,confirmed,備,vision
924,39c,confirmed,公,vision
925,39d,confirmed,払,vision
926,39e,confirmed,庫,vision
927,39f,confirmed,呼,vision
928,3a0,confirmed,月,vision
929,3a1,confirmed,固,vision
930,3a2,confirmed,連,vision
931,3a3,confirmed,＆,vision
932,3a4,confirmed,陽,vision
933,3a5,confirmed,欽,vision
934,3a6,confirmed,寺,vision
935,3a7,confirmed,澤,vision
936,3a8,confirmed,堀,vision
937,3a9,confirmed,矢,vision
938,3aa,confirmed,哲,vision
939,3ab,confirmed,樋,vision
940,3ac,confirmed,求,vision
941,3ad,confirmed,技,vision
942,3ae,confirmed,吉,vision
943,3af,confirmed,玄,vision
944,3b0,confirmed,斎,vision
945,3b1,confirmed,隆,vision
946,3b2,confirmed,秀,vision
947,3b3,confirmed,握,vision
948,3b4,confirmed,姐,vision
949,3b5,confirmed,威,vision
950,3b6,confirmed,慰,vision
951,3b7,confirmed,井,vision
952,3b8,confirmed,域,vision
953,3b9,confirmed,逸,vision
954,3ba,confirmed,員,vision
955,3bb,confirmed,陰,vision
956,3bc,confirmed,永,vision
957,3bd,confirmed,越,vision
958,3be,confirmed,閉,vision
959,3bf,confirmed,円,vision
960,3c0,confirmed,宴,vision
961,3c1,confirmed,延,vision
962,3c2,confirmed,怨,vision
963,3c3,confirmed,縁,vision
964,3c4,confirmed,汚,vision
965,3c5,confirmed,央,vision
966,3c6,confirmed,奥,vision
967,3c7,confirmed,往,vision
968,3c8,confirmed,横,vision
969,3c9,confirmed,沖,vision
970,3ca,confirmed,恩,vision
971,3cb,confirmed,穏,vision
972,3cc,confirmed,音,vision
973,3cd,confirmed,仮,vision
974,3ce,confirmed,価,vision
975,3cf,confirmed,快,vision
976,3d0,confirmed,怪,vision
977,3d1,confirmed,戒,vision
978,3d2,confirmed,改,vision
979,3d3,confirmed,灰,vision
980,3d4,confirmed,崖,vision
981,3d5,confirmed,概,vision
982,3d6,confirmed,涯,vision
983,3d7,confirmed,鎧,vision
984,3d8,confirmed,核,vision
985,3d9,confirmed,獲,vision
986,3da,confirmed,閣,vision
987,3db,confirmed,隔,vision
988,3dc,confirmed,額,vision
989,3dd,confirmed,割,vision
990,3de,confirmed,滑,vision
991,3df,confirmed,寒,vision
992,3e0,confirmed,勧,vision
993,3e1,confirmed,巻,vision
994,3e2,confirmed,慎,vision
995,3e3,confirmed,欽,vision
996,3e4,confirmed,汗,vision
997,3e5,confirmed,監,vision
998,3e6,confirmed,管,vision
999,3e7,confirmed,艦,vision
1000,3e8,confirmed,観,vision
1001,3e9,confirmed,還,vision
1002,3ea,confirmed,陥,vision
1003,3eb,confirmed,眼,vision
1004,3ec,confirmed,喜,vision
1005,3ed,confirmed,基,vision
1006,3ee,confirmed,寄,vision
1007,3ef,confirmed,希,vision
1008,3f0,confirmed,忌,vision
1009,3f1,confirmed,棄,vision
1010,3f2,confirmed,祈,vision
1011,3f3,confirmed,規,vision
1012,3f4,confirmed,偽,vision
1013,3f5,confirmed,擬,vision
1014,3f6,confirmed,犠,vision
1015,3f7,confirmed,疑,vision
1016,3f8,confirmed,客,vision
1017,3f9,confirmed,脚,vision
1018,3fa,confirmed,虐,vision
1019,3fb,confirmed,丘,vision
1020,3fc,confirmed,仇,vision
1021,3fd,confirmed,休,vision
1022,3fe,confirmed,泣,vision
1023,3ff,confirmed,旧,vision
1024,400,confirmed,居,vision
1025,401,confirmed,拒,vision
1026,402,confirmed,拠,vision
1027,403,confirmed,挙,vision
1028,404,confirmed,虚,vision
1029,405,confirmed,許,vision
1030,406,confirmed,競,vision
1031,407,confirmed,共,vision
1032,408,confirmed,凶,vision
1033,409,confirmed,協,vision
1034,40a,confirmed,境,vision
1035,40b,confirmed,怯,vision
1036,40c,confirmed,狂,vision
1037,40d,confirmed,胸,vision
1038,40e,confirmed,脅,vision
1039,40f,confirmed,郷,vision
1040,410,confirmed,勤,vision
1041,411,confirmed,均,vision
1042,412,confirmed,筋,vision
1043,413,confirmed,緊,vision
1044,414,confirmed,九,vision
1045,415,confirmed,苦,vision
1046,416,confirmed,駆,vision
1047,417,confirmed,具,vision
1048,418,confirmed,愚,vision
1049,419,confirmed,偶,vision
1050,41a,confirmed,屈,vision
1051,41b,confirmed,掘,vision
1052,41c,confirmed,窟,vision
1053,41d,confirmed,君,vision
1054,41e,confirmed,訓,vision
1055,41f,confirmed,群,vision
1056,420,confirmed,係,vision
1057,421,confirmed,刑,vision
1058,422,confirmed,契,vision
1059,423,confirmed,敬,vision
1060,424,confirmed,系,vision
1061,425,confirmed,継,vision
1062,426,confirmed,隙,vision
1063,427,confirmed,欠,vision
1064,428,confirmed,穴,vision
1065,429,confirmed,兼,vision
1066,42a,confirmed,堅,vision
1067,42b,confirmed,嫌,vision
1068,42c,confirmed,建,vision
1069,42d,confirmed,拳,vision
1070,42e,confirmed,肩,vision
1071,42f,confirmed,賢,vision
1072,430,confirmed,験,vision
1073,431,confirmed,厳,vision
1074,432,confirmed,幻,vision
1075,433,confirmed,源,vision
1076,434,confirmed,舷,vision
1077,435,confirmed,個,vision
1078,436,confirmed,戸,vision
1079,437,confirmed,故,vision
1080,438,confirmed,枯,vision
1081,439,confirmed,五,vision
1082,43a,confirmed,悟,vision
1083,43b,confirmed,誤,vision
1084,43c,confirmed,交,vision
1085,43d,confirmed,后,vision
1086,43e,confirmed,慌,vision
1087,43f,confirmed,皇,vision
1088,440,confirmed,肯,vision
1089,441,confirmed,航,vision
1090,442,confirmed,衝,vision
1091,443,confirmed,講,vision
1092,444,confirmed,鋼,vision
1093,445,confirmed,降,vision
1094,446,confirmed,劫,vision
1095,447,confirmed,号,vision
1096,448,confirmed,豪,vision
1097,449,confirmed,酷,vision
1098,44a,confirmed,骨,vision
1099,44b,confirmed,頃,vision
1100,44c,confirmed,恨,vision
1101,44d,confirmed,昏,vision
1102,44e,confirmed,魂,vision
1103,44f,confirmed,差,vision
1104,450,confirmed,査,vision
1105,451,confirmed,鎖,vision
1106,452,confirmed,塞,vision
1107,453,confirmed,妻,vision
1108,454,confirmed,災,vision
1109,455,confirmed,砕,vision
1110,456,confirmed,砦,vision
1111,457,confirmed,材,vision
1112,458,confirmed,際,vision
1113,459,confirmed,三,vision
1114,45a,confirmed,惨,vision
1115,45b,confirmed,産,vision
1116,45c,confirmed,賛,vision
1117,45d,confirmed,斬,vision
1118,45e,confirmed,屍,vision
1119,45f,confirmed,糸,vision
1120,460,confirmed,紙,vision
1121,461,confirmed,視,vision
1122,462,confirmed,慈,vision
1123,463,confirmed,辞,vision
1124,464,confirmed,室,vision
1125,465,confirmed,謝,vision
1126,466,confirmed,釈,vision
1127,467,confirmed,若,vision
1128,468,confirmed,寂,vision
1129,469,confirmed,殊,vision
1130,46a,confirmed,狩,vision
1131,46b,confirmed,種,vision
1132,46c,confirmed,首,vision
1133,46d,confirmed,授,vision
1134,46e,confirmed,収,vision
1135,46f,confirmed,習,vision
1136,470,confirmed,舟,vision
1137,471,confirmed,週,vision
1138,472,confirmed,充,vision
1139,473,confirmed,十,vision
1140,474,confirmed,縦,vision
1141,475,confirmed,祝,vision
1142,476,confirmed,述,vision
1143,477,confirmed,盾,vision
1144,478,confirmed,純,vision
1145,479,confirmed,除,vision
1146,47a,confirmed,渉,vision
1147,47b,confirmed,焦,vision
1148,47c,confirmed,照,vision
1149,47d,confirmed,省,vision
1150,47e,confirmed,衝,vision
1151,47f,confirmed,詳,vision
1152,480,confirmed,貧,vision
1153,481,confirmed,冗,vision
1154,482,confirmed,杖,vision
1155,483,confirmed,浄,vision
1156,484,confirmed,師,vision
1157,485,confirmed,触,vision
1158,486,confirmed,辱,vision
1159,487,confirmed,寝,vision
1160,488,confirmed,臣,vision
1161,489,confirmed,震,vision
1162,48a,confirmed,孕,vision
1163,48b,confirmed,迅,vision
1164,48c,confirmed,図,vision
1165,48d,confirmed,吹,vision
1166,48e,confirmed,帥,vision
1167,48f,confirmed,推,vision
1168,490,confirmed,衰,vision
1169,491,confirmed,瀬,vision
1170,492,confirmed,征,vision
1171,493,confirmed,整,vision
1172,494,confirmed,晴,vision
1173,495,confirmed,牲,vision
1174,496,confirmed,盛,vision
1175,497,confirmed,西,vision
1176,498,confirmed,誠,vision
1177,499,confirmed,隻,vision
1178,49a,confirmed,席,vision
1179,49b,confirmed,惜,vision
1180,49c,confirmed,斥,vision
1181,49d,confirmed,析,vision
1182,49e,confirmed,責,vision
1183,49f,confirmed,折,vision
1184,4a0,confirmed,占,vision
1185,4a1,confirmed,専,vision
1186,4a2,confirmed,泉,vision
1187,4a3,confirmed,線,vision
1188,4a4,confirmed,祖,vision
1189,4a5,confirmed,粗,vision
1190,4a6,confirmed,組,vision
1191,4a7,confirmed,僧,vision
1192,4a8,confirmed,双,vision
1193,4a9,confirmed,倉,vision
1194,4aa,confirmed,遭,vision
1195,4ab,confirmed,憎,vision
1196,4ac,confirmed,側,vision
1197,4ad,confirmed,則,vision
1198,4ae,confirmed,捉,vision
1199,4af,confirmed,束,vision
1200,4b0,confirmed,俗,vision
1201,4b1,confirmed,尊,vision
1202,4b2,confirmed,損,vision
1203,4b3,confirmed,太,vision
1204,4b4,confirmed,汰,vision
1205,4b5,confirmed,堕,vision
1206,4b6,confirmed,妥,vision
1207,4b7,confirmed,怠,vision
1208,4b8,confirmed,戴,vision
1209,4b9,confirmed,台,vision
1210,4ba,confirmed,第,vision
1211,4bb,confirmed,叩,vision
1212,4bc,confirmed,誰,vision
1213,4bd,confirmed,鍛,vision
1214,4be,confirmed,弾,vision
1215,4bf,confirmed,暖,vision
1216,4c0,confirmed,段,vision
1217,4c1,confirmed,談,vision
1218,4c2,confirmed,値,vision
1219,4c3,confirmed,遅,vision
1220,4c4,confirmed,築,vision
1221,4c5,confirmed,逐,vision
1222,4c6,confirmed,宙,vision
1223,4c7,confirmed,柱,vision
1224,4c8,confirmed,注,vision
1225,4c9,confirmed,駐,vision
1226,4ca,confirmed,著,vision
1227,4cb,confirmed,兆,vision
1228,4cc,confirmed,張,vision
1229,4cd,confirmed,徴,vision
1230,4ce,confirmed,超,vision
1231,4cf,confirmed,勅,vision
1232,4d0,confirmed,墜,vision
1233,4d1,confirmed,低,vision
1234,4d2,confirmed,庭,vision
1235,4d3,confirmed,提,vision
1236,4d4,confirmed,適,vision
1237,4d5,confirmed,登,vision
1238,4d6,confirmed,途,vision
1239,4d7,confirmed,努,vision
1240,4d8,confirmed,奴,vision
1241,4d9,confirmed,東,vision
1242,4da,confirmed,盗,vision
1243,4db,confirmed,等,vision
1244,4dc,confirmed,峠,vision
1245,4dd,confirmed,特,vision
1246,4de,confirmed,独,vision
1247,4df,confirmed,届,vision
1248,4e0,confirmed,鈍,vision
1249,4e1,confirmed,南,vision
1250,4e2,confirmed,軟,vision
1251,4e3,confirmed,汝,vision
1252,4e4,confirmed,忍,vision
1253,4e5,confirmed,悩,vision
1254,4e6,confirmed,脳,vision
1255,4e7,confirmed,拝,vision
1256,4e8,confirmed,排,vision
1257,4e9,confirmed,背,vision
1258,4ea,confirmed,白,vision
1259,4eb,confirmed,迫,vision
1260,4ec,confirmed,爆,vision
1261,4ed,confirmed,八,vision
1262,4ee,confirmed,伐,vision
1263,4ef,confirmed,判,vision
1264,4f0,confirmed,犯,vision
1265,4f1,confirmed,繁,vision
1266,4f2,confirmed,番,vision
1267,4f3,confirmed,蛮,vision
1268,4f4,confirmed,卑,vision
1269,4f5,confirmed,否,vision
1270,4f6,confirmed,扉,vision
1271,4f7,confirmed,批,vision
1272,4f8,confirmed,比,vision
1273,4f9,confirmed,避,vision
1274,4fa,confirmed,尾,vision
1275,4fb,confirmed,評,vision
1276,4fc,confirmed,貧,vision
1277,4fd,confirmed,布,vision
1278,4fe,confirmed,普,vision
1279,4ff,confirmed,副,vision
1280,500,confirmed,服,vision
1281,501,confirmed,腹,vision
1282,502,confirmed,憤,vision
1283,503,confirmed,粉,vision
1284,504,confirmed,並,vision
1285,505,confirmed,壁,vision
1286,506,confirmed,蔑,vision
1287,507,confirmed,弁,vision
1288,508,confirmed,保,vision
1289,509,confirmed,補,vision
1290,50a,confirmed,母,vision
1291,50b,confirmed,崩,vision
1292,50c,confirmed,抱,vision
1293,50d,confirmed,豊,vision
1294,50e,confirmed,坊,vision
1295,50f,confirmed,妨,vision
1296,510,confirmed,忙,vision
1297,511,confirmed,膨,vision
1298,512,confirmed,没,vision
1299,513,confirmed,奔,vision
1300,514,confirmed,妹,vision
1301,515,confirmed,万,vision
1302,516,confirmed,魅,vision
1303,517,confirmed,密,vision
1304,518,confirmed,盟,vision
1305,519,confirmed,迷,vision
1306,51a,confirmed,毛,vision
1307,51b,confirmed,黙,vision
1308,51c,confirmed,問,vision
1309,51d,confirmed,役,vision
1310,51e,confirmed,約,vision
1311,51f,confirmed,薬,vision
1312,520,confirmed,癒,vision
1313,521,confirmed,由,vision
1314,522,confirmed,誘,vision
1315,523,confirmed,遊,vision
1316,524,confirmed,与,vision
1317,525,confirmed,預,vision
1318,526,confirmed,幼,vision
1319,527,confirmed,容,vision
1320,528,confirmed,揺,vision
1321,529,confirmed,養,vision
1322,52a,confirmed,抑,vision
1323,52b,confirmed,翼,vision
1324,52c,confirmed,雷,vision
1325,52d,confirmed,嵐,vision
1326,52e,confirmed,覧,vision
1327,52f,confirmed,留,vision
1328,530,confirmed,侶,vision
1329,531,confirmed,慮,vision
1330,532,confirmed,量,vision
1331,533,confirmed,緑,vision
1332,534,confirmed,林,vision
1333,535,confirmed,臨,vision
1334,536,confirmed,涙,vision
1335,537,confirmed,類,vision
1336,538,confirmed,励,vision
1337,539,confirmed,列,vision
1338,53a,confirmed,劣,vision
1339,53b,confirmed,裂,vision
1340,53c,confirmed,恋,vision
1341,53d,confirmed,練,vision
1342,53e,confirmed,労,vision
1343,53f,confirmed,狼,vision
1344,540,confirmed,六,vision
1345,541,confirmed,録,vision
1346,542,confirmed,論,vision
1347,543,confirmed,緒,vision
1348,544,confirmed,恥,vision
1349,545,confirmed,槍,vision
1350,546,confirmed,益,vision
1351,547,confirmed,魔,vision
1352,548,confirmed,点,vision
1353,549,confirmed,狙,vision
1354,54a,confirmed,虫,vision
1355,54b,confirmed,惑,vision
1356,54c,confirmed,読,vision
1357,54d,confirmed,媒,vision
1358,54e,confirmed,標,vision
1359,54f,confirmed,嬢,vision
1360,550,confirmed,暇,vision
1361,551,confirmed,氷,vision
1362,552,confirmed,赦,vision
1363,553,confirmed,迂,vision
1364,554,confirmed,臆,vision
1365,555,confirmed,葛,vision
1366,556,confirmed,星,vision
1367,557,confirmed,逢,vision
1368,558,confirmed,象,vision
1369,559,confirmed,其,vision
1370,55a,confirmed,裾,vision
1371,55b,confirmed,鬼,vision
1372,55c,confirmed,吸,vision
1373,55d,confirmed,覆,vision
1374,55e,confirmed,歳,vision
1375,55f,confirmed,訳,vision
1376,560,confirmed,鹿,vision
1377,561,confirmed,経,vision
1378,562,confirmed,香,vision
1379,563,confirmed,潮,vision
1380,564,confirmed,偵,vision
1381,565,confirmed,秩,vision
1382,566,confirmed,貫,vision
1383,567,confirmed,至,vision
1384,568,confirmed,花,vision
1385,569,confirmed,耕,vision
1386,56a,confirmed,曲,vision
1387,56b,confirmed,園,vision
1388,56c,confirmed,笠,vision
1389,56d,confirmed,咲,vision
1390,56e,confirmed,奈,vision
1391,56f,confirmed,恵,vision
1392,570,confirmed,酒,vision
1393,571,confirmed,飲,vision
1394,572,confirmed,商,vision
1395,573,confirmed,芭,vision
1396,574,confirmed,泥,vision
1397,575,confirmed,亜,vision
1398,576,confirmed,店,vision
1399,577,confirmed,剃,vision
1400,578,confirmed,趣,vision
1401,579,confirmed,株,vision
1402,57a,confirmed,社,vision
1403,57b,confirmed,草,vision
1404,57c,confirmed,毅,vision
1405,57d,confirmed,国,vision
1406,57e,confirmed,府,vision
1407,57f,confirmed,潘,vision
1408,580,confirmed,樹,vision
1409,581,confirmed,眞,vision
1410,582,confirmed,柴,vision
1411,583,confirmed,鮎,vision
1412,584,confirmed,里,vision
1413,585,confirmed,輔,vision
1414,586,confirmed,鶴,vision
1415,587,confirmed,塩,vision
1416,588,confirmed,沢,vision
1417,589,confirmed,晶,vision
1418,58a,confirmed,亮,vision
1419,58b,confirmed,笹,vision
1420,58c,confirmed,岡,vision
1421,58d,confirmed,蔵,vision
1422,58e,confirmed,津,vision
1423,58f,confirmed,沼,vision
1424,590,confirmed,介,vision
1425,591,confirmed,稲,vision
1426,592,confirmed,之,vision
1427,593,confirmed,嶋,vision
1428,594,confirmed,麻,vision
1429,595,confirmed,坂,vision
1430,596,confirmed,吾,vision
1431,597,confirmed,演,vision
1432,598,confirmed,絵,vision
1433,599,confirmed,督,vision
1434,59a,confirmed,芳,vision
1435,59b,confirmed,康,vision
1436,59c,confirmed,．,vision
1437,59d,confirmed,淳,vision
1438,59e,confirmed,撮,vision
1439,59f,confirmed,晃,vision
1440,5a0,confirmed,茂,vision
1441,5a1,confirmed,昌,vision
1442,5a2,confirmed,枝,vision
1443,5a3,confirmed,俣,vision
1444,5a4,confirmed,啓,vision
1445,5a5,confirmed,馬,vision
1446,5a6,confirmed,宏,vision
1447,5a7,confirmed,聡,vision
1448,5a8,confirmed,梁,vision
1449,5a9,confirmed,洋,vision
1450,5aa,confirmed,博,vision
1451,5ab,confirmed,飯,vision
1452,5ac,confirmed,篤,vision
1453,5ad,confirmed,竹,vision
1454,5ae,confirmed,浅,vision
1455,5af,confirmed,縛,vision
1456,5b0,confirmed,碁,vision
1457,5b1,confirmed,荷,vision
1458,5b2,confirmed,獄,vision
1459,5b3,confirmed,堂,vision
1460,5b4,confirmed,宇,vision
1461,5b5,confirmed,際,vision
1462,5b6,confirmed,借,vision
1463,5b7,confirmed,測,vision
1464,5b8,confirmed,慢,vision
1465,5b9,confirmed,敷,vision
1466,5ba,confirmed,矛,vision
1467,5bb,confirmed,憶,vision
1468,5bc,confirmed,匹,vision
1469,5bd,confirmed,維,vision
1470,5be,confirmed,題,vision
1471,5bf,confirmed,棋,vision
1472,5c0,confirmed,版,vision
1473,5c1,confirmed,錬,vision
1474,5c2,confirmed,ｚ,vision
1475,5c3,confirmed,雇,vision
1476,5c4,confirmed,給,vision
1477,5c5,confirmed,料,vision
1478,5c6,confirmed,芸,vision
1479,5c7,confirmed,便,vision
1480,5c8,confirmed,募,vision
1481,5c9,confirmed,升,vision
1482,5ca,confirmed,匠,vision
1483,5cb,confirmed,溜,vision
1484,5cc,confirmed,ｍ,vision
1485,5cd,confirmed,＿,vision
1486,5ce,confirmed,崇,vision
1487,5cf,confirmed,針,vision
1488,5d0,confirmed,＾,vision
1489,5d1,confirmed,杯,vision
1490,5d2,confirmed,巡,vision
1491,5d3,confirmed,繊,vision
1492,5d4,confirmed,党,vision
1493,5d5,confirmed,毒,vision
1494,5d6,confirmed,絡,vision
1495,5d7,confirmed,雑,vision
1496,5d8,confirmed,廃,vision
1497,5d9,confirmed,猶,vision
1498,5da,confirmed,構,vision
1499,5db,confirmed,停,vision
1500,5dc,confirmed,滞,vision
1501,5dd,confirmed,秤,vision
1502,5de,confirmed,〇,vision
1503,5df,confirmed,✕,vision
1504,5e0,confirmed,,blank
1505,5e1,confirmed,,blank
1506,5e2,confirmed,,blank
1507,5e3,confirmed,,blank
1508,5e4,confirmed,,blank
1509,5e5,confirmed,,blank
1510,5e6,confirmed,,blank
1511,5e7,confirmed,,blank
1512,5e8,confirmed,,blank
1513,5e9,confirmed,,blank
1514,5ea,confirmed,,blank
1515,5eb,confirmed,,blank
1516,5ec,confirmed,,blank
1517,5ed,confirmed,,blank
1518,5ee,confirmed,,blank
1519,5ef,confirmed,,blank
1520,5f0,confirmed,,blank
1521,5f1,confirmed,,blank
1522,5f2,confirmed,,blank
1523,5f3,confirmed,,blank
1524,5f4,confirmed,,blank
1525,5f5,confirmed,,blank
1526,5f6,confirmed,,blank
1527,5f7,confirmed,,blank
1528,5f8,confirmed,,blank
1529,5f9,confirmed,,blank
1530,5fa,confirmed,,blank
1531,5fb,confirmed,,blank
1532,5fc,confirmed,,blank
1533,5fd,confirmed,,blank
1534,5fe,confirmed,,blank
1535,5ff,confirmed,,blank
