index_dec,index_hex,group,char,source
389,185,confirmed,詳,bitmap:l5_font
390,186,confirmed,細,bitmap:l5_font
391,187,confirmed,契,bitmap:l5_font
392,188,confirmed,約,bitmap:l5_font
393,189,confirmed,毒,bitmap:l5_font
394,18A,confirmed,化,bitmap:l5_font
395,18B,confirmed,発,bitmap:l5_font
396,18C,confirmed,済,bitmap:l5_font
397,18D,confirmed,切,bitmap:l5_font
398,18E,confirmed,見,bitmap:l5_font
399,18F,confirmed,進,bitmap:l5_font
400,190,confirmed,戻,bitmap:l5_font
401,191,confirmed,表,bitmap:l5_font
402,192,confirmed,名,bitmap:l5_font
403,193,confirmed,前,bitmap:l5_font
405,195,confirmed,内,bitmap:l5_font
407,197,confirmed,活,bitmap:l5_font
408,198,confirmed,躍,bitmap:l5_font
409,199,confirmed,撤,bitmap:l5_font
410,19A,confirmed,浅,bitmap:l5_font
411,19B,confirmed,田,bitmap:l5_font
412,19C,confirmed,葉,bitmap:l5_font
413,19D,confirmed,子,bitmap:l5_font
414,19E,confirmed,水,bitmap:l5_font
415,19F,confirmed,奨,bitmap:l5_font
416,1A0,confirmed,稲,bitmap:l5_font
417,1A1,confirmed,実,bitmap:l5_font
418,1A2,confirmed,岩,bitmap:l5_font
419,1A3,confirmed,永,bitmap:l5_font
420,1A4,confirmed,哲,bitmap:l5_font
421,1A5,confirmed,哉,bitmap:l5_font
422,1A6,confirmed,川,bitmap:l5_font
423,1A7,confirmed,緑,bitmap:l5_font
424,1A8,confirmed,光,bitmap:l5_font
425,1A9,confirmed,小,bitmap:l5_font
426,1AA,confirmed,粥,bitmap:l5_font
427,1AB,confirmed,柴,bitmap:l5_font
428,1AC,confirmed,秀,bitmap:l5_font
429,1AD,confirmed,戸,bitmap:l5_font
430,1AE,confirmed,宗,bitmap:l5_font
431,1AF,confirmed,寛,bitmap:l5_font
432,1B0,confirmed,富,bitmap:l5_font
433,1B1,confirmed,沢,bitmap:l5_font
434,1B2,confirmed,美,bitmap:l5_font
435,1B3,confirmed,智,bitmap:l5_font
436,1B4,confirmed,恵,bitmap:l5_font
437,1B5,confirmed,豊,bitmap:l5_font
438,1B6,confirmed,嶋,bitmap:l5_font
439,1B7,confirmed,真,bitmap:l5_font
440,1B8,confirmed,千,bitmap:l5_font
441,1B9,confirmed,安,bitmap:l5_font
442,1BA,confirmed,井,bitmap:l5_font
443,1BB,confirmed,邦,bitmap:l5_font
444,1BC,confirmed,彦,bitmap:l5_font
445,1BD,confirmed,堀,bitmap:l5_font
446,1BE,confirmed,岸,bitmap:l5_font
447,1BF,confirmed,野,bitmap:l5_font
448,1C0,confirmed,幸,bitmap:l5_font
449,1C1,confirmed,増,bitmap:l5_font
450,1C2,confirmed,谷,bitmap:l5_font
451,1C3,confirmed,康,bitmap:l5_font
452,1C4,confirmed,紀,bitmap:l5_font
453,1C5,confirmed,松,bitmap:l5_font
454,1C6,confirmed,太,bitmap:l5_font
455,1C7,confirmed,皆,bitmap:l5_font
456,1C8,confirmed,口,bitmap:l5_font
457,1C9,confirmed,祐,bitmap:l5_font
458,1CA,confirmed,鮎,bitmap:l5_font
459,1CB,confirmed,龍,bitmap:l5_font
460,1CC,confirmed,郎,bitmap:l5_font
461,1CD,confirmed,福,bitmap:l5_font
462,1CE,confirmed,山,bitmap:l5_font
463,1CF,confirmed,潤,bitmap:l5_font
464,1D0,confirmed,島,bitmap:l5_font
465,1D1,confirmed,健,bitmap:l5_font
466,1D2,confirmed,児,bitmap:l5_font
467,1D3,confirmed,渡,bitmap:l5_font
468,1D4,confirmed,辺,bitmap:l5_font
469,1D5,confirmed,和,bitmap:l5_font
470,1D6,confirmed,生,bitmap:l5_font
471,1D7,confirmed,久,bitmap:l5_font
472,1D8,confirmed,隆,bitmap:l5_font
473,1D9,confirmed,之,bitmap:l5_font
474,1DA,confirmed,林,bitmap:l5_font
475,1DB,confirmed,夫,bitmap:l5_font
476,1DC,confirmed,愛,bitmap:l5_font
477,1DD,confirmed,満,bitmap:l5_font
478,1DE,confirmed,仲,bitmap:l5_font
479,1DF,confirmed,由,bitmap:l5_font
480,1E0,confirmed,西,bitmap:l5_font
481,1E1,confirmed,脇,bitmap:l5_font
482,1E2,confirmed,保,bitmap:l5_font
483,1E3,confirmed,坂,bitmap:l5_font
484,1E4,confirmed,本,bitmap:l5_font
485,1E5,confirmed,吾,bitmap:l5_font
486,1E6,confirmed,塚,bitmap:l5_font
487,1E7,confirmed,也,bitmap:l5_font
488,1E8,confirmed,吉,bitmap:l5_font
489,1E9,confirmed,孝,bitmap:l5_font
490,1EA,confirmed,収,bitmap:l5_font
491,1EB,confirmed,神,bitmap:l5_font
492,1EC,confirmed,浩,bitmap:l5_font
493,1ED,confirmed,史,bitmap:l5_font
494,1EE,confirmed,準,bitmap:l5_font
495,1EF,confirmed,存,bitmap:l5_font
497,1F1,confirmed,理,bitmap:l5_font
498,1F2,confirmed,画,bitmap:l5_font
499,1F3,confirmed,記,bitmap:l5_font
500,1F4,confirmed,録,bitmap:l5_font
501,1F5,confirmed,押,bitmap:l5_font
502,1F6,confirmed,新,bitmap:l5_font
503,1F7,confirmed,規,bitmap:l5_font
504,1F8,confirmed,充,bitmap:l5_font
505,1F9,confirmed,分,bitmap:l5_font
506,1FA,confirmed,空,bitmap:l5_font
507,1FB,confirmed,容,bitmap:l5_font
508,1FC,confirmed,必,bitmap:l5_font
509,1FD,confirmed,要,bitmap:l5_font
510,1FE,confirmed,各,bitmap:l5_font
511,1FF,confirmed,場,bitmap:l5_font
512,200,confirmed,合,bitmap:l5_font
513,201,confirmed,事,bitmap:l5_font
514,202,confirmed,読,bitmap:l5_font
515,203,confirmed,込,bitmap:l5_font
516,204,confirmed,直,bitmap:l5_font
518,206,confirmed,注,bitmap:l5_font
519,207,confirmed,意,bitmap:l5_font
520,208,confirmed,途,bitmap:l5_font
521,209,confirmed,作,bitmap:l5_font
522,20A,confirmed,限,bitmap:l5_font
523,20B,confirmed,成,bitmap:l5_font
524,20C,confirmed,今,bitmap:l5_font
525,20D,confirmed,元,bitmap:l5_font
526,20E,confirmed,帥,bitmap:l5_font
527,20F,confirmed,@,bitmap:l5_font
528,210,confirmed,将,bitmap:l5_font
529,211,confirmed,軍,bitmap:l5_font
530,212,confirmed,謀,bitmap:l5_font
531,213,confirmed,皇,bitmap:l5_font
532,214,confirmed,帝,bitmap:l5_font
533,215,confirmed,大,bitmap:l5_font
534,216,confirmed,司,bitmap:l5_font
535,217,confirmed,教,bitmap:l5_font
536,218,confirmed,娘,bitmap:l5_font
537,219,confirmed,公,bitmap:l5_font
538,21A,confirmed,爵,bitmap:l5_font
539,21B,confirmed,巨,bitmap:l5_font
540,21C,confirmed,宰,bitmap:l5_font
541,21D,confirmed,相,bitmap:l5_font
542,21E,confirmed,副,bitmap:l5_font
543,21F,confirmed,女,bitmap:l5_font
544,220,confirmed,王,bitmap:l5_font
545,221,confirmed,提,bitmap:l5_font
546,222,confirmed,督,bitmap:l5_font
547,223,confirmed,闇,bitmap:l5_font
548,224,confirmed,変,bitmap:l5_font
549,225,confirmed,幻,bitmap:l5_font
550,226,confirmed,死,bitmap:l5_font
551,227,confirmed,人,bitmap:l5_font
552,228,confirmed,長,bitmap:l5_font
553,229,confirmed,母,bitmap:l5_font
554,22A,confirmed,親,bitmap:l5_font
555,22B,confirmed,村,bitmap:l5_font
556,22C,confirmed,術,bitmap:l5_font
557,22D,confirmed,師,bitmap:l5_font
558,22E,confirmed,総,bitmap:l5_font
559,22F,confirmed,祭,bitmap:l5_font
560,230,confirmed,巫,bitmap:l5_font
561,231,confirmed,般,bitmap:l5_font
562,232,confirmed,連,bitmap:l5_font
563,233,confirmed,兄,bitmap:l5_font
564,234,confirmed,貴,bitmap:l5_font
565,235,confirmed,徴,bitmap:l5_font
566,236,confirmed,税,bitmap:l5_font
567,237,confirmed,国,bitmap:l5_font
568,238,confirmed,団,bitmap:l5_font
569,239,confirmed,同,bitmap:l5_font
570,23A,confirmed,盟,bitmap:l5_font
571,23B,confirmed,執,bitmap:l5_font
572,23C,confirmed,町,bitmap:l5_font
573,23D,confirmed,怨,bitmap:l5_font
574,23E,confirmed,霊,bitmap:l5_font
575,23F,confirmed,侯,bitmap:l5_font
576,240,confirmed,護,bitmap:l5_font
577,241,confirmed,衛,bitmap:l5_font
578,242,confirmed,市,bitmap:l5_font
579,243,confirmed,民,bitmap:l5_font
580,244,confirmed,守,bitmap:l5_font
581,245,confirmed,看,bitmap:l5_font
582,246,confirmed,伝,bitmap:l5_font
583,247,confirmed,警,bitmap:l5_font
584,248,confirmed,技,bitmap:l5_font
585,249,confirmed,店,bitmap:l5_font
586,24A,confirmed,員,bitmap:l5_font
587,24B,confirmed,族,bitmap:l5_font
588,24C,confirmed,三,bitmap:l5_font
589,24D,confirmed,最,bitmap:l5_font
590,24E,confirmed,基,bitmap:l5_font
591,24F,confirmed,的,bitmap:l5_font
592,250,confirmed,槍,bitmap:l5_font
593,251,confirmed,対,bitmap:l5_font
594,252,confirmed,有,bitmap:l5_font
595,253,confirmed,騎,bitmap:l5_font
596,254,confirmed,馬,bitmap:l5_font
597,255,confirmed,重,bitmap:l5_font
598,256,confirmed,歩,bitmap:l5_font
599,257,confirmed,比,bitmap:l5_font
600,258,confirmed,厳,bitmap:l5_font
601,259,confirmed,訓,bitmap:l5_font
602,25A,confirmed,練,bitmap:l5_font
603,25B,confirmed,受,bitmap:l5_font
604,25C,confirmed,非,bitmap:l5_font
605,25D,confirmed,誇,bitmap:l5_font
606,25E,confirmed,特,bitmap:l5_font
607,25F,confirmed,狼,bitmap:l5_font
608,260,confirmed,男,bitmap:l5_font
609,261,confirmed,種,bitmap:l5_font
610,262,confirmed,素,bitmap:l5_font
611,263,confirmed,早,bitmap:l5_font
612,264,confirmed,得,bitmap:l5_font
613,265,confirmed,身,bitmap:l5_font
614,266,confirmed,越,bitmap:l5_font
615,267,confirmed,肉,bitmap:l5_font
616,268,confirmed,食,bitmap:l5_font
617,269,confirmed,性,bitmap:l5_font
618,26A,confirmed,鈍,bitmap:l5_font
619,26B,confirmed,破,bitmap:l5_font
620,26C,confirmed,壊,bitmap:l5_font
621,26D,confirmed,怪,bitmap:l5_font
622,26E,confirmed,恐,bitmap:l5_font
623,26F,confirmed,驚,bitmap:l5_font
624,270,confirmed,異,bitmap:l5_font
625,271,confirmed,解,bitmap:l5_font
626,272,confirmed,創,bitmap:l5_font
627,273,confirmed,造,bitmap:l5_font
628,274,confirmed,言,bitmap:l5_font
629,275,confirmed,家,bitmap:l5_font
630,276,confirmed,全,bitmap:l5_font
631,277,confirmed,等,bitmap:l5_font
632,278,confirmed,働,bitmap:l5_font
633,279,confirmed,悪,bitmap:l5_font
634,27A,confirmed,漢,bitmap:l5_font
635,27B,confirmed,己,bitmap:l5_font
636,27C,confirmed,桂,bitmap:l5_font
637,27D,confirmed,以,bitmap:l5_font
638,27E,confirmed,劣,bitmap:l5_font
639,27F,confirmed,集,bitmap:l5_font
640,280,confirmed,骨,bitmap:l5_font
641,281,confirmed,仕,bitmap:l5_font
642,282,confirmed,積,bitmap:l5_font
643,283,confirmed,滅,bitmap:l5_font
644,284,confirmed,聖,bitmap:l5_font
645,285,confirmed,職,bitmap:l5_font
646,286,confirmed,僧,bitmap:l5_font
647,287,confirmed,近,bitmap:l5_font
648,288,confirmed,向,bitmap:l5_font
649,289,confirmed,魚,bitmap:l5_font
650,28A,confirmed,陸,bitmap:l5_font
651,28B,confirmed,適,bitmap:l5_font
652,28C,confirmed,住,bitmap:l5_font
653,28D,confirmed,凶,bitmap:l5_font
654,28E,confirmed,暴,bitmap:l5_font
655,28F,confirmed,格,bitmap:l5_font
656,290,confirmed,危,bitmap:l5_font
657,291,confirmed,険,bitmap:l5_font
658,292,confirmed,獲,bitmap:l5_font
659,293,confirmed,物,bitmap:l5_font
660,294,confirmed,襲,bitmap:l5_font
661,295,confirmed,弓,bitmap:l5_font
662,296,confirmed,↗,bitmap:l5_font
663,297,confirmed,乙,bitmap:l5_font
664,298,confirmed,姿,bitmap:l5_font
665,299,confirmed,肌,bitmap:l5_font
666,29A,confirmed,黒,bitmap:l5_font
667,29B,confirmed,扱,bitmap:l5_font
668,29C,confirmed,弱,bitmap:l5_font
669,29D,confirmed,森,bitmap:l5_font
670,29E,confirmed,慣,bitmap:l5_font
671,29F,confirmed,多,bitmap:l5_font
672,2A0,confirmed,耐,bitmap:l5_font
673,2A1,confirmed,械,bitmap:l5_font
674,2A2,confirmed,掛,bitmap:l5_font
675,2A3,confirmed,膏,bitmap:l5_font
676,2A4,confirmed,威,bitmap:l5_font
677,2A5,confirmed,射,bitmap:l5_font
678,2A6,confirmed,程,bitmap:l5_font
679,2A7,confirmed,反,bitmap:l5_font
680,2A8,confirmed,難,bitmap:l5_font
681,2A9,confirmed,距,bitmap:l5_font
682,2AA,confirmed,離,bitmap:l5_font
683,2AB,confirmed,弾,bitmap:l5_font
684,2AC,confirmed,飛,bitmap:l5_font
685,2AD,confirmed,簡,bitmap:l5_font
686,2AE,confirmed,単,bitmap:l5_font
687,2AF,confirmed,半,bitmap:l5_font
688,2B0,confirmed,短,bitmap:l5_font
689,2B1,confirmed,補,bitmap:l5_font
690,2B2,confirmed,抜,bitmap:l5_font
691,2B3,confirmed,旺,bitmap:l5_font
692,2B4,confirmed,組,bitmap:l5_font
693,2B5,confirmed,織,bitmap:l5_font
694,2B6,confirmed,虫,bitmap:l5_font
695,2B7,confirmed,触,bitmap:l5_font
696,2B8,confirmed,然,bitmap:l5_font
697,2B9,confirmed,形,bitmap:l5_font
698,2BA,confirmed,獄,bitmap:l5_font
699,2BB,confirmed,番,bitmap:l5_font
700,2BC,confirmed,犬,bitmap:l5_font
701,2BD,confirmed,呼,bitmap:l5_font
702,2BE,confirmed,尻,bitmap:l5_font
703,2BF,confirmed,尾,bitmap:l5_font
704,2C0,confirmed,針,bitmap:l5_font
705,2C1,confirmed,猛,bitmap:l5_font
706,2C2,confirmed,型,bitmap:l5_font
707,2C3,confirmed,援,bitmap:l5_font
708,2C4,confirmed,背,bitmap:l5_font
709,2C5,confirmed,羽,bitmap:l5_font
710,2C6,confirmed,根,bitmap:l5_font
711,2C7,confirmed,天,bitmap:l5_font
712,2C8,confirmed,謎,bitmap:l5_font
713,2C9,confirmed,希,bitmap:l5_font
714,2CA,confirmed,望,bitmap:l5_font
715,2CB,confirmed,頭,bitmap:l5_font
716,2CC,confirmed,古,bitmap:l5_font
717,2CD,confirmed,像,bitmap:l5_font
718,2CE,confirmed,似,bitmap:l5_font
719,2CF,confirmed,挑,bitmap:l5_font
720,2D0,confirmed,妖,bitmap:l5_font
721,2D1,confirmed,精,bitmap:l5_font
722,2D2,confirmed,外,bitmap:l5_font
723,2D3,confirmed,捕,bitmap:l5_font
724,2D4,confirmed,級,bitmap:l5_font
725,2D5,confirmed,類,bitmap:l5_font
726,2D6,confirmed,夢,bitmap:l5_font
727,2D7,confirmed,並,bitmap:l5_font
728,2D8,confirmed,翼,bitmap:l5_font
729,2D9,confirmed,障,bitmap:l5_font
730,2DA,confirmed,害,bitmap:l5_font
731,2DB,confirmed,影,bitmap:l5_font
732,2DC,confirmed,響,bitmap:l5_font
733,2DD,confirmed,純,bitmap:l5_font
734,2DE,confirmed,世,bitmap:l5_font
735,2DF,confirmed,念,bitmap:l5_font
736,2E0,confirmed,視,bitmap:l5_font
737,2E1,confirmed,侶,bitmap:l5_font
738,2E2,confirmed,陰,bitmap:l5_font
739,2E3,confirmed,潜,bitmap:l5_font
740,2E4,confirmed,激,bitmap:l5_font
741,2E5,confirmed,憎,bitmap:l5_font
742,2E6,confirmed,邪,bitmap:l5_font
743,2E7,confirmed,呪,bitmap:l5_font
744,2E8,confirmed,与,bitmap:l5_font
745,2E9,confirmed,赤,bitmap:l5_font
746,2EA,confirmed,熱,bitmap:l5_font
747,2EB,confirmed,炎,bitmap:l5_font
748,2EC,confirmed,溶,bitmap:l5_font
749,2ED,confirmed,雪,bitmap:l5_font
750,2EE,confirmed,白,bitmap:l5_font
751,2EF,confirmed,瞬,bitmap:l5_font
752,2F0,confirmed,凍,bitmap:l5_font
753,2F1,confirmed,冷,bitmap:l5_font
754,2F2,confirmed,気,vote:ps1_parallel_pairs
755,2F3,confirmed,吐,bitmap:l5_font
756,2F4,confirmed,吸,bitmap:l5_font
757,2F5,confirmed,原,bitmap:l5_font
758,2F6,confirmed,付,bitmap:l5_font
759,2F7,confirmed,火,bitmap:l5_font
760,2F8,confirmed,突,bitmap:l5_font
761,2F9,confirmed,給,bitmap:l5_font
762,2FA,confirmed,資,bitmap:l5_font
763,2FB,confirmed,運,bitmap:l5_font
764,2FC,confirmed,携,bitmap:l5_font
765,2FD,confirmed,帯,bitmap:l5_font
766,2FE,confirmed,旅,bitmap:l5_font
767,2FF,confirmed,靴,bitmap:l5_font
768,300,confirmed,片,bitmap:l5_font
769,301,confirmed,価,bitmap:l5_font
770,302,confirmed,流,bitmap:l5_font
771,303,confirmed,殊,bitmap:l5_font
772,304,confirmed,剣,bitmap:l5_font
773,305,confirmed,側,bitmap:l5_font
774,306,confirmed,鉄,bitmap:l5_font
775,307,confirmed,味,bitmap:l5_font
776,308,confirmed,鋭,bitmap:l5_font
777,309,confirmed,刀,bitmap:l5_font
778,30A,confirmed,波,bitmap:l5_font
779,30B,confirmed,殺,bitmap:l5_font
780,30C,confirmed,傷,bitmap:l5_font
781,30D,confirmed,施,bitmap:l5_font
782,30E,confirmed,彫,bitmap:l5_font
783,30F,confirmed,刻,bitmap:l5_font
784,310,confirmed,芸,bitmap:l5_font
785,311,confirmed,品,bitmap:l5_font
786,312,confirmed,感,bitmap:l5_font
787,313,confirmed,星,bitmap:l5_font
788,314,confirmed,恥,bitmap:l5_font
789,315,confirmed,倒,bitmap:l5_font
790,316,confirmed,経,bitmap:l5_font
791,317,confirmed,験,bitmap:l5_font
792,318,confirmed,倍,bitmap:l5_font
793,319,confirmed,苦,bitmap:l5_font
794,31A,confirmed,段,bitmap:l5_font
795,31B,confirmed,較,bitmap:l5_font
796,31C,confirmed,頃,bitmap:l5_font
797,31D,confirmed,初,bitmap:l5_font
798,31E,confirmed,心,bitmap:l5_font
799,31F,confirmed,両,bitmap:l5_font
800,320,confirmed,幅,bitmap:l5_font
801,321,confirmed,広,bitmap:l5_font
802,322,confirmed,繰,bitmap:l5_font
803,323,confirmed,鎧,bitmap:l5_font
804,324,confirmed,粉,bitmap:l5_font
805,325,confirmed,砕,bitmap:l5_font
806,326,confirmed,銀,bitmap:l5_font
807,327,confirmed,斬,bitmap:l5_font
808,328,confirmed,氷,bitmap:l5_font
809,329,confirmed,操,bitmap:l5_font
810,32A,confirmed,柄,bitmap:l5_font
811,32B,confirmed,雷,bitmap:l5_font
812,32C,confirmed,印,bitmap:l5_font
813,32D,confirmed,血,bitmap:l5_font
814,32E,confirmed,鍛,bitmap:l5_font
815,32F,confirmed,刃,bitmap:l5_font
816,330,confirmed,堡,bitmap:l5_font
817,331,confirmed,鋼,bitmap:l5_font
818,332,confirmed,説,bitmap:l5_font
819,333,confirmed,堅,bitmap:l5_font
820,334,confirmed,麟,bitmap:l5_font
821,335,confirmed,覆,bitmap:l5_font
822,336,confirmed,竜,bitmap:l5_font
823,337,confirmed,模,bitmap:l5_font
824,338,confirmed,様,bitmap:l5_font
825,339,confirmed,英,bitmap:l5_font
826,33A,confirmed,雄,bitmap:l5_font
827,33B,confirmed,代,bitmap:l5_font
828,33C,confirmed,文,bitmap:l5_font
829,33D,confirmed,明,bitmap:l5_font
830,33E,confirmed,式,bitmap:l5_font
831,33F,confirmed,砲,bitmap:l5_font
832,340,confirmed,日,bitmap:l5_font
833,341,confirmed,沌,bitmap:l5_font
834,342,confirmed,暗,bitmap:l5_font
835,343,confirmed,支,bitmap:l5_font
836,344,confirmed,減,bitmap:l5_font
837,345,confirmed,輝,bitmap:l5_font
838,346,confirmed,争,bitmap:l5_font
839,347,confirmed,斧,bitmap:l5_font
840,348,confirmed,狩,bitmap:l5_font
842,34A,confirmed,考,bitmap:l5_font
843,34B,confirmed,欠,bitmap:l5_font
844,34C,confirmed,振,bitmap:l5_font
845,34D,confirmed,狂,bitmap:l5_font
846,34E,confirmed,怖,bitmap:l5_font
847,34F,confirmed,沈,bitmap:l5_font
848,350,confirmed,黙,bitmap:l5_font
849,351,confirmed,錬,bitmap:l5_font
850,352,confirmed,道,bitmap:l5_font
851,353,confirmed,喜,bitmap:l5_font
852,354,confirmed,木,bitmap:l5_font
853,355,confirmed,工,bitmap:l5_font
854,356,confirmed,打,bitmap:l5_font
855,357,confirmed,球,bitmap:l5_font
856,358,confirmed,鎖,bitmap:l5_font
857,359,confirmed,製,bitmap:l5_font
858,35A,confirmed,殴,bitmap:l5_font
860,35C,confirmed,毎,bitmap:l5_font
861,35D,confirmed,割,bitmap:l5_font
862,35E,confirmed,昇,bitmap:l5_font
863,35F,confirmed,逆,bitmap:l5_font
864,360,confirmed,少,bitmap:l5_font
865,361,confirmed,棒,bitmap:l5_font
866,362,confirmed,来,bitmap:l5_font
867,363,confirmed,投,bitmap:l5_font
868,364,confirmed,主,bitmap:l5_font
869,365,confirmed,落,bitmap:l5_font
870,366,confirmed,乗,bitmap:l5_font
871,367,confirmed,板,bitmap:l5_font
872,368,confirmed,貫,bitmap:l5_font
873,369,confirmed,丈,bitmap:l5_font
874,36A,confirmed,烈,bitmap:l5_font
875,36B,confirmed,叩,bitmap:l5_font
876,36C,confirmed,尽,bitmap:l5_font
877,36D,confirmed,穂,bitmap:l5_font
878,36E,confirmed,遠,bitmap:l5_font
879,36F,confirmed,灼,bitmap:l5_font
880,370,confirmed,吹,bitmap:l5_font
881,371,confirmed,風,bitmap:l5_font
882,372,confirmed,求,bitmap:l5_font
883,373,confirmed,兆,bitmap:l5_font
884,374,confirmed,負,bitmap:l5_font
885,375,confirmed,助,bitmap:l5_font
886,376,confirmed,役,bitmap:l5_font
887,377,confirmed,杖,bitmap:l5_font
888,378,confirmed,習,bitmap:l5_font
889,379,confirmed,端,bitmap:l5_font
890,37A,confirmed,晶,bitmap:l5_font
891,37B,confirmed,眠,bitmap:l5_font
892,37C,confirmed,息,bitmap:l5_font
893,37D,confirmed,癒,bitmap:l5_font
894,37E,confirmed,秘,bitmap:l5_font
895,37F,confirmed,引,bitmap:l5_font
896,380,confirmed,-,bitmap:l5_font
898,382,confirmed,楽,bitmap:l5_font
899,383,confirmed,絞,bitmap:l5_font
900,384,confirmed,昔,bitmap:l5_font
901,385,confirmed,方,bitmap:l5_font
902,386,confirmed,月,bitmap:l5_font
903,387,confirmed,放,bitmap:l5_font
904,388,confirmed,矢,bitmap:l5_font
905,389,confirmed,宿,bitmap:l5_font
906,38A,confirmed,許,bitmap:l5_font
907,38B,confirmed,飾,bitmap:l5_font
908,38C,confirmed,溝,bitmap:l5_font
909,38D,confirmed,損,bitmap:l5_font
910,38E,confirmed,功,bitmap:l5_font
911,38F,confirmed,（,bitmap:l5_font
912,390,confirmed,含,bitmap:l5_font
913,391,confirmed,）,bitmap:l5_font
914,392,confirmed,珍,bitmap:l5_font
915,393,confirmed,著,bitmap:l5_font
916,394,confirmed,遥,bitmap:l5_font
917,395,confirmed,胴,bitmap:l5_font
918,396,confirmed,座,bitmap:l5_font
919,397,confirmed,席,bitmap:l5_font
920,398,confirmed,肩,bitmap:l5_font
921,399,confirmed,「,bitmap:l5_font
922,39A,confirmed,」,bitmap:l5_font
923,39B,confirmed,字,bitmap:l5_font
924,39C,confirmed,贈,bitmap:l5_font
925,39D,confirmed,信,bitmap:l5_font
926,39E,confirmed,授,bitmap:l5_font
927,39F,confirmed,折,bitmap:l5_font
928,3A0,confirmed,奇,bitmap:l5_font
929,3A1,confirmed,跡,bitmap:l5_font
930,3A2,confirmed,編,bitmap:l5_font
931,3A3,confirmed,胸,bitmap:l5_font
932,3A4,confirmed,革,bitmap:l5_font
933,3A5,confirmed,衝,bitmap:l5_font
934,3A6,confirmed,材,bitmap:l5_font
935,3A7,confirmed,料,bitmap:l5_font
936,3A8,confirmed,冶,bitmap:l5_font
937,3A9,confirmed,煮,bitmap:l5_font
938,3AA,confirmed,固,bitmap:l5_font
939,3AB,confirmed,達,bitmap:l5_font
940,3AC,confirmed,燃,bitmap:l5_font
941,3AD,confirmed,友,bitmap:l5_font
942,3AE,confirmed,服,bitmap:l5_font
943,3AF,confirmed,期,bitmap:l5_font
944,3B0,confirmed,何,bitmap:l5_font
945,3B1,confirmed,布,bitmap:l5_font
946,3B2,confirmed,％,bitmap:l5_font
947,3B3,confirmed,思,bitmap:l5_font
948,3B4,confirmed,議,bitmap:l5_font
949,3B5,confirmed,露,bitmap:l5_font
950,3B6,confirmed,当,bitmap:l5_font
951,3B7,confirmed,際,bitmap:l5_font
952,3B8,confirmed,薄,bitmap:l5_font
953,3B9,confirmed,衣,bitmap:l5_font
954,3BA,confirmed,贄,bitmap:l5_font
955,3BB,confirmed,色,bitmap:l5_font
956,3BC,confirmed,臭,bitmap:l5_font
957,3BD,confirmed,儀,bitmap:l5_font
958,3BE,confirmed,々,bitmap:l5_font
959,3BF,confirmed,災,bitmap:l5_font
960,3C0,confirmed,仰,bitmap:l5_font
961,3C1,confirmed,脚,bitmap:l5_font
962,3C2,confirmed,走,bitmap:l5_font
963,3C3,confirmed,好,bitmap:l5_font
964,3C4,confirmed,忘,bitmap:l5_font
965,3C5,confirmed,祝,bitmap:l5_font
966,3C6,confirmed,惹,bitmap:l5_font
967,3C7,confirmed,宝,bitmap:l5_font
968,3C8,confirmed,輪,bitmap:l5_font
969,3C9,confirmed,紫,bitmap:l5_font
970,3CA,confirmed,志,bitmap:l5_font
971,3CB,confirmed,黄,bitmap:l5_font
972,3CC,confirmed,冠,bitmap:l5_font
973,3CD,confirmed,統,bitmap:l5_font
974,3CE,confirmed,疲,bitmap:l5_font
975,3CF,confirmed,労,bitmap:l5_font
976,3D0,confirmed,興,bitmap:l5_font
977,3D1,confirmed,首,bitmap:l5_font
978,3D2,confirmed,界,bitmap:l5_font
979,3D3,confirmed,晴,bitmap:l5_font
980,3D4,confirmed,采,bitmap:l5_font
981,3D5,confirmed,別,bitmap:l5_font
982,3D6,confirmed,包,bitmap:l5_font
983,3D7,confirmed,透,bitmap:l5_font
984,3D8,confirmed,束,bitmap:l5_font
985,3D9,confirmed,善,bitmap:l5_font
986,3DA,confirmed,符,bitmap:l5_font
987,3DB,confirmed,立,bitmap:l5_font
988,3DC,confirmed,賢,bitmap:l5_font
989,3DD,confirmed,交,bitmap:l5_font
990,3DE,confirmed,書,bitmap:l5_font
991,3DF,confirmed,租,bitmap:l5_font
992,3E0,confirmed,爆,bitmap:l5_font
993,3E1,confirmed,狭,bitmap:l5_font
994,3E2,confirmed,浴,bitmap:l5_font
996,3E4,confirmed,雲,bitmap:l5_font
997,3E5,confirmed,寄,bitmap:l5_font
998,3E6,confirmed,妻,bitmap:l5_font
999,3E7,confirmed,嵐,bitmap:l5_font
1000,3E8,confirmed,巻,bitmap:l5_font
1001,3E9,confirmed,起,bitmap:l5_font
1002,3EA,confirmed,震,bitmap:l5_font
1003,3EB,confirmed,凄,bitmap:l5_font
1004,3EC,confirmed,隕,bitmap:l5_font
1005,3ED,confirmed,周,bitmap:l5_font
1006,3EE,confirmed,奪,bitmap:l5_font
1007,3EF,confirmed,禁,bitmap:l5_font
1008,3F0,confirmed,忌,bitmap:l5_font
1009,3F1,confirmed,象,bitmap:l5_font
1010,3F2,confirmed,除,bitmap:l5_font
1011,3F3,confirmed,借,bitmap:l5_font
1012,3F4,confirmed,関,bitmap:l5_font
1013,3F5,confirmed,係,bitmap:l5_font
1014,3F6,confirmed,遅,bitmap:l5_font
1015,3F7,confirmed,抵,bitmap:l5_font
1016,3F8,confirmed,抗,bitmap:l5_font
1017,3F9,confirmed,妨,bitmap:l5_font
1018,3FA,confirmed,壁,bitmap:l5_font
1019,3FB,confirmed,快,bitmap:l5_font
1020,3FC,confirmed,系,bitmap:l5_font
1021,3FD,confirmed,及,bitmap:l5_font
1022,3FE,confirmed,即,bitmap:l5_font
1023,3FF,confirmed,会,bitmap:l5_font
1024,400,confirmed,転,bitmap:l5_font
1025,401,confirmed,送,bitmap:l5_font
1026,402,confirmed,域,bitmap:l5_font
1027,403,confirmed,灰,bitmap:l5_font
1028,404,confirmed,滑,bitmap:l5_font
1029,405,confirmed,勇,bitmap:l5_font
1030,406,confirmed,鳥,bitmap:l5_font
1031,407,confirmed,彼,bitmap:l5_font
1032,408,confirmed,年,bitmap:l5_font
1033,409,confirmed,甦,bitmap:l5_font
1034,40A,confirmed,巣,bitmap:l5_font
1035,40B,confirmed,張,bitmap:l5_font
1036,40C,confirmed,髪,bitmap:l5_font
1037,40D,confirmed,眼,bitmap:l5_font
1038,40E,confirmed,海,bitmap:l5_font
1039,40F,confirmed,底,bitmap:l5_font
1040,410,confirmed,蛇,bitmap:l5_font
1041,411,confirmed,牙,bitmap:l5_font
1042,412,confirmed,十,bitmap:l5_font
1043,413,confirmed,靭,bitmap:l5_font
1044,414,confirmed,恋,bitmap:l5_font
1045,415,confirmed,歌,bitmap:l5_font
1046,416,confirmed,浜,bitmap:l5_font
1047,417,confirmed,残,bitmap:l5_font
1048,418,confirmed,仏,bitmap:l5_font
1049,419,confirmed,惑,bitmap:l5_font
1050,41A,confirmed,囚,bitmap:l5_font
1051,41B,confirmed,末,bitmap:l5_font
1052,41C,confirmed,吞,bitmap:l5_font
1053,41D,confirmed,罪,bitmap:l5_font
1054,41E,confirmed,清,bitmap:l5_font
1055,41F,confirmed,婚,bitmap:l5_font
1056,420,confirmed,葬,bitmap:l5_font
1057,421,confirmed,筋,bitmap:l5_font
1058,422,confirmed,差,bitmap:l5_font
1059,423,confirmed,蓋,bitmap:l5_font
1060,424,confirmed,描,bitmap:l5_font
1061,425,confirmed,角,bitmap:l5_font
1062,426,confirmed,略,bitmap:l5_font
1063,427,confirmed,憶,bitmap:l5_font
1064,428,confirmed,便,bitmap:l5_font
1065,429,confirmed,～,bitmap:l5_font
1066,42A,confirmed,更,bitmap:l5_font
1067,42B,confirmed,示,bitmap:l5_font
1068,42C,confirmed,買,bitmap:l5_font
1069,42D,confirmed,称,bitmap:l5_font
1070,42E,confirmed,誰,bitmap:l5_font
1071,42F,confirmed,額,bitmap:l5_font
1072,430,confirmed,況,bitmap:l5_font
1073,431,confirmed,把,bitmap:l5_font
1074,432,confirmed,握,bitmap:l5_font
1075,433,confirmed,設,bitmap:l5_font
1076,434,confirmed,号,bitmap:l5_font
1077,435,confirmed,替,bitmap:l5_font
1078,436,confirmed,拡,bitmap:l5_font
1079,437,confirmed,縮,bitmap:l5_font
1080,438,confirmed,景,bitmap:l5_font
1081,439,confirmed,違,bitmap:l5_font
1082,43A,confirmed,降,bitmap:l5_font
1083,43B,confirmed,従,bitmap:l5_font
1084,43C,confirmed,欲,bitmap:l5_font
1085,43D,confirmed,余,bitmap:l5_font
1086,43E,confirmed,供,bitmap:l5_font
1087,43F,confirmed,炸,bitmap:l5_font
1088,440,confirmed,裂,bitmap:l5_font
1089,441,confirmed,忍,bitmap:l5_font
1090,442,confirmed,駿,bitmap:l5_font
1091,443,confirmed,覇,bitmap:l5_font
1092,444,confirmed,盗,bitmap:l5_font
1093,445,confirmed,賊,bitmap:l5_font
1094,446,confirmed,伏,bitmap:l5_font
1095,447,confirmed,輸,bitmap:l5_font
1096,448,confirmed,勢,bitmap:l5_font
1097,449,confirmed,策,bitmap:l5_font
1098,44A,confirmed,駆,bitmap:l5_font
1099,44B,confirmed,研,bitmap:l5_font
1100,44C,confirmed,究,bitmap:l5_font
1101,44D,confirmed,脱,bitmap:l5_font
1102,44E,confirmed,急,bitmap:l5_font
1103,44F,confirmed,偶,bitmap:l5_font
1104,450,confirmed,父,bitmap:l5_font
1105,451,confirmed,病,bitmap:l5_font
1106,452,confirmed,薬,bitmap:l5_font
1107,453,confirmed,探,bitmap:l5_font
1108,454,confirmed,共,bitmap:l5_font
1109,455,confirmed,街,bitmap:l5_font
1110,456,confirmed,絡,bitmap:l5_font
1111,457,confirmed,救,bitmap:l5_font
1112,458,confirmed,審,bitmap:l5_font
1113,459,confirmed,挙,bitmap:l5_font
1114,45A,confirmed,邸,bitmap:l5_font
1115,45B,confirmed,旧,bitmap:l5_font
1116,45C,confirmed,舞,bitmap:l5_font
1117,45D,confirmed,老,bitmap:l5_font
1118,45E,confirmed,詰,bitmap:l5_font
1119,45F,confirmed,問,bitmap:l5_font
1120,460,confirmed,辞,bitmap:l5_font
1121,461,confirmed,恨,bitmap:l5_font
1122,462,confirmed,廃,bitmap:l5_font
1123,463,confirmed,巴,bitmap:l5_font
1124,464,confirmed,路,bitmap:l5_font
1125,465,confirmed,城,bitmap:l5_font
1126,466,confirmed,疑,bitmap:l5_font
1127,467,confirmed,逃,bitmap:l5_font
1128,468,confirmed,砦,bitmap:l5_font
1129,469,confirmed,帰,bitmap:l5_font
1130,46A,confirmed,還,bitmap:l5_font
1131,46B,confirmed,壇,bitmap:l5_font
1132,46C,confirmed,昆,bitmap:l5_font
1133,46D,confirmed,亡,bitmap:l5_font
1134,46E,confirmed,失,bitmap:l5_font
1135,46F,confirmed,薦,bitmap:l5_font
1136,470,confirmed,二,bitmap:l5_font
1137,471,confirmed,索,bitmap:l5_font
1138,472,confirmed,任,bitmap:l5_font
1139,473,confirmed,樹,bitmap:l5_font
1140,474,confirmed,聞,bitmap:l5_font
1141,475,confirmed,党,bitmap:l5_font
1142,476,confirmed,改,bitmap:l5_font
1143,477,confirmed,密,bitmap:l5_font
1144,478,confirmed,港,bitmap:l5_font
1145,479,confirmed,肖,bitmap:l5_font
1146,47A,confirmed,銘,bitmap:l5_font
1147,47B,confirmed,協,bitmap:l5_font
1148,47C,confirmed,討,bitmap:l5_font
1149,47D,confirmed,為,bitmap:l5_font
1150,47E,confirmed,誓,bitmap:l5_font
1151,47F,confirmed,居,bitmap:l5_font
1152,480,confirmed,務,bitmap:l5_font
1153,481,confirmed,賞,bitmap:l5_font
1154,482,confirmed,犯,bitmap:l5_font
1155,483,confirmed,頼,bitmap:l5_font
1156,484,confirmed,想,bitmap:l5_font
1157,485,confirmed,領,bitmap:l5_font
1158,486,confirmed,屋,bitmap:l5_font
1159,487,confirmed,敷,bitmap:l5_font
1160,488,confirmed,勘,bitmap:l5_font
1161,489,confirmed,漏,bitmap:l5_font
1162,48A,confirmed,預,bitmap:l5_font
1163,48B,confirmed,計,bitmap:l5_font
1164,48C,confirmed,‥,bitmap:l5_font
1165,48D,confirmed,独,bitmap:l5_font
1166,48E,confirmed,東,bitmap:l5_font
1167,48F,confirmed,虐,bitmap:l5_font
1168,490,confirmed,摘,bitmap:l5_font
1169,491,confirmed,政,bitmap:l5_font
1170,492,confirmed,話,bitmap:l5_font
1171,493,confirmed,導,bitmap:l5_font
1172,494,confirmed,卿,bitmap:l5_font
1173,495,confirmed,承,bitmap:l5_font
1174,496,confirmed,諾,bitmap:l5_font
1175,497,confirmed,監,bitmap:l5_font
1176,498,confirmed,率,bitmap:l5_font
1177,499,confirmed,艇,bitmap:l5_font
1178,49A,confirmed,応,bitmap:l5_font
1179,49B,confirmed,厚,bitmap:l5_font
1180,49C,confirmed,陣,bitmap:l5_font
1181,49D,confirmed,賜,bitmap:l5_font
1182,49E,confirmed,処,bitmap:l5_font
1183,49F,confirmed,検,bitmap:l5_font
1184,4A0,confirmed,麾,bitmap:l5_font
1185,4A1,confirmed,殿,bitmap:l5_font
1186,4A2,confirmed,返,bitmap:l5_font
1187,4A3,confirmed,芳,bitmap:l5_font
1188,4A4,confirmed,衆,bitmap:l5_font
1189,4A5,confirmed,演,bitmap:l5_font
1190,4A6,confirmed,請,bitmap:l5_font
1191,4A7,confirmed,陽,bitmap:l5_font
1192,4A8,confirmed,門,bitmap:l5_font
1193,4A9,confirmed,侵,bitmap:l5_font
1194,4AA,confirmed,悟,bitmap:l5_font
1195,4AB,confirmed,徐,bitmap:l5_font
1196,4AC,confirmed,訪,bitmap:l5_font
1197,4AD,confirmed,閉,bitmap:l5_font
1198,4AE,confirmed,征,bitmap:l5_font
1199,4AF,confirmed,横,bitmap:l5_font
1200,4B0,confirmed,線,bitmap:l5_font
1201,4B1,confirmed,遭,bitmap:l5_font
1202,4B2,confirmed,搭,bitmap:l5_font
1203,4B3,confirmed,載,bitmap:l5_font
1204,4B4,confirmed,凱,bitmap:l5_font
1205,4B5,confirmed,旋,bitmap:l5_font
1206,4B6,confirmed,誕,bitmap:l5_font
1207,4B7,confirmed,宣,bitmap:l5_font
1208,4B8,confirmed,船,bitmap:l5_font
1209,4B9,confirmed,抱,bitmap:l5_font
1210,4BA,confirmed,炉,bitmap:l5_font
1211,4BB,confirmed,峙,bitmap:l5_font
1212,4BC,confirmed,識,bitmap:l5_font
1213,4BD,confirmed,階,bitmap:l5_font
1214,4BE,confirmed,語,bitmap:l5_font
1215,4BF,confirmed,軌,bitmap:l5_font
1216,4C0,confirmed,楕,bitmap:l5_font
1217,4C1,confirmed,円,bitmap:l5_font
1218,4C2,confirmed,平,bitmap:l5_font
1219,4C3,confirmed,諦,bitmap:l5_font
1220,4C4,confirmed,結,bitmap:l5_font
1221,4C5,confirmed,阻,bitmap:l5_font
1222,4C6,confirmed,夜,bitmap:l5_font
1223,4C7,confirmed,崖,bitmap:l5_font
1224,4C8,confirmed,留,bitmap:l5_font
1225,4C9,confirmed,歪,bitmap:l5_font
1226,4CA,confirmed,占,bitmap:l5_font
1227,4CB,confirmed,拠,bitmap:l5_font
1228,4CC,confirmed,悲,bitmap:l5_font
1229,4CD,confirmed,瀕,bitmap:l5_font
1230,4CE,confirmed,荷,bitmap:l5_font
1231,4CF,confirmed,担,bitmap:l5_font
1232,4D0,confirmed,宙,bitmap:l5_font
1233,4D1,confirmed,艦,bitmap:l5_font
1234,4D2,confirmed,控,bitmap:l5_font
1235,4D3,confirmed,鑑,bitmap:l5_font
1236,4D4,confirmed,犠,bitmap:l5_font
1237,4D5,confirmed,牲,bitmap:l5_font
1238,4D6,confirmed,遺,bitmap:l5_font
1239,4D7,confirmed,絶,bitmap:l5_font
1240,4D8,confirmed,埋,bitmap:l5_font
1241,4D9,confirmed,疎,bitmap:l5_font
1242,4DA,confirmed,戒,bitmap:l5_font
1243,4DB,confirmed,案,bitmap:l5_font
1244,4DC,confirmed,散,bitmap:l5_font
1245,4DD,confirmed,質,bitmap:l5_font
1246,4DE,confirmed,免,bitmap:l5_font
1247,4DF,confirmed,航,bitmap:l5_font
1248,4E0,confirmed,如,bitmap:l5_font
1249,4E1,confirmed,誤,bitmap:l5_font
1250,4E2,confirmed,託,bitmap:l5_font
1251,4E3,confirmed,＝,bitmap:l5_font
1252,4E4,confirmed,牽,bitmap:l5_font
1253,4E5,confirmed,伴,bitmap:l5_font
1254,4E6,confirmed,被,bitmap:l5_font
1255,4E7,confirmed,避,bitmap:l5_font
1256,4E8,confirmed,堕,bitmap:l5_font
1257,4E9,confirmed,辛,bitmap:l5_font
1258,4EA,confirmed,育,bitmap:l5_font
1259,4EB,confirmed,項,bitmap:l5_font
1260,4EC,confirmed,願,bitmap:l5_font
1261,4ED,confirmed,完,bitmap:l5_font
1262,4EE,confirmed,予,bitmap:l5_font
1263,4EF,confirmed,∑,bitmap:l5_font
1264,4F0,confirmed,仮,bitmap:l5_font
1265,4F1,confirmed,培,bitmap:l5_font
1266,4F2,confirmed,養,bitmap:l5_font
1267,4F3,confirmed,液,bitmap:l5_font
1268,4F4,confirmed,銅,bitmap:l5_font
1269,4F5,confirmed,磨,bitmap:l5_font
1270,4F6,confirmed,羯,bitmap:l5_font
1271,4F7,confirmed,宮,bitmap:l5_font
1272,4F8,confirmed,瓶,bitmap:l5_font
1273,4F9,confirmed,双,bitmap:l5_font
1274,4FA,confirmed,羊,bitmap:l5_font
1275,4FB,confirmed,牛,bitmap:l5_font
1276,4FC,confirmed,蟹,bitmap:l5_font
1277,4FD,confirmed,獅,bitmap:l5_font
1278,4FE,confirmed,秤,bitmap:l5_font
1279,4FF,confirmed,蜘,bitmap:l5_font
1280,500,confirmed,遂,bitmap:l5_font
1281,501,confirmed,学,bitmap:l5_font
1282,502,confirmed,懐,bitmap:l5_font
1283,503,confirmed,屈,bitmap:l5_font
1284,504,confirmed,私,bitmap:l5_font
1285,505,confirmed,義,bitmap:l5_font
1286,506,confirmed,聡,bitmap:l5_font
1287,507,confirmed,脳,bitmap:l5_font
1288,508,confirmed,彩,bitmap:l5_font
1289,509,confirmed,虎,bitmap:l5_font
1290,50A,confirmed,鷹,bitmap:l5_font
1291,50B,confirmed,権,bitmap:l5_font
1292,50C,confirmed,醒,bitmap:l5_font
1293,50D,confirmed,魂,bitmap:l5_font
1294,50E,confirmed,臨,bitmap:l5_font
1295,50F,confirmed,譬,bitmap:l5_font
1296,510,confirmed,我,bitmap:l5_font
1297,511,confirmed,個,bitmap:l5_font
1298,512,confirmed,忠,bitmap:l5_font
1299,513,confirmed,魅,bitmap:l5_font
1300,514,confirmed,刺,bitmap:l5_font
1301,515,confirmed,紹,bitmap:l5_font
1302,516,confirmed,介,bitmap:l5_font
1303,517,confirmed,斡,bitmap:l5_font
1304,518,confirmed,概,bitmap:l5_font
1305,519,confirmed,良,bitmap:l5_font
1306,51A,confirmed,奴,bitmap:l5_font
1307,51B,confirmed,嫌,bitmap:l5_font
1308,51C,confirmed,悩,bitmap:l5_font
1309,51D,confirmed,暇,bitmap:l5_font
1310,51E,confirmed,構,bitmap:l5_font
1311,51F,confirmed,駄,bitmap:l5_font
1312,520,confirmed,裏,bitmap:l5_font
1313,521,confirmed,訳,bitmap:l5_font
1314,522,confirmed,荒,bitmap:l5_font
1315,523,confirmed,休,bitmap:l5_font
1316,524,confirmed,油,bitmap:l5_font
1317,525,confirmed,申,bitmap:l5_font
1318,526,confirmed,畜,bitmap:l5_font
1319,527,confirmed,Ω,bitmap:l5_font
1320,528,confirmed,抑,bitmap:l5_font
1321,529,confirmed,植,bitmap:l5_font
1322,52A,confirmed,俺,bitmap:l5_font
1323,52B,confirmed,迎,bitmap:l5_font
1324,52C,confirmed,台,bitmap:l5_font
1325,52D,confirmed,橋,bitmap:l5_font
1326,52E,confirmed,迂,bitmap:l5_font
1327,52F,confirmed,慢,bitmap:l5_font
1328,530,confirmed,淡,bitmap:l5_font
1329,531,confirmed,顔,bitmap:l5_font
1330,532,confirmed,答,bitmap:l5_font
1331,533,confirmed,ヶ,bitmap:l5_font
1332,534,confirmed,致,bitmap:l5_font
1333,535,confirmed,観,bitmap:l5_font
1334,536,confirmed,赦,bitmap:l5_font
1335,537,confirmed,杭,bitmap:l5_font
1336,538,confirmed,眺,bitmap:l5_font
1337,539,confirmed,笑,bitmap:l5_font
1338,53A,confirmed,困,bitmap:l5_font
1339,53B,confirmed,偉,bitmap:l5_font
1340,53C,confirmed,貸,bitmap:l5_font
1341,53D,confirmed,冒,bitmap:l5_font
1342,53E,confirmed,君,bitmap:l5_font
1343,53F,confirmed,礼,bitmap:l5_font
1344,540,confirmed,騒,bitmap:l5_font
1345,541,confirmed,悔,bitmap:l5_font
1346,542,confirmed,僕,bitmap:l5_font
1347,543,confirmed,迷,bitmap:l5_font
1348,544,confirmed,甘,bitmap:l5_font
1349,545,confirmed,挟,bitmap:l5_font
1350,546,confirmed,恕,bitmap:l5_font
1351,547,confirmed,柵,bitmap:l5_font
1352,548,confirmed,玉,bitmap:l5_font
1353,549,confirmed,微,bitmap:l5_font
1354,54A,confirmed,緒,bitmap:l5_font
1355,54B,confirmed,穴,bitmap:l5_font
1356,54C,confirmed,泣,bitmap:l5_font
1357,54D,confirmed,痛,bitmap:l5_font
1358,54E,confirmed,展,bitmap:l5_font
1359,54F,confirmed,栄,bitmap:l5_font
1360,550,confirmed,丁,bitmap:l5_font
1361,551,confirmed,責,bitmap:l5_font
1362,552,confirmed,樽,bitmap:l5_font
1363,553,confirmed,拒,bitmap:l5_font
1364,554,confirmed,評,bitmap:l5_font
1365,555,confirmed,歯,bitmap:l5_font
1366,556,confirmed,僻,bitmap:l5_font
1367,557,confirmed,寂,bitmap:l5_font
1368,558,confirmed,妙,bitmap:l5_font
1369,559,confirmed,孤,bitmap:l5_font
1370,55A,confirmed,第,bitmap:l5_font
1371,55B,confirmed,姉,bitmap:l5_font
1372,55C,confirmed,扉,bitmap:l5_font
1373,55D,confirmed,鍵,bitmap:l5_font
1374,55E,confirmed,寝,bitmap:l5_font
1375,55F,confirmed,嬉,bitmap:l5_font
1376,560,confirmed,喋,bitmap:l5_font
1377,561,confirmed,南,bitmap:l5_font
1378,562,confirmed,錠,bitmap:l5_font
1379,563,confirmed,登,bitmap:l5_font
1380,564,confirmed,箱,bitmap:l5_font
1381,565,confirmed,坊,bitmap:l5_font
1382,566,confirmed,弟,bitmap:l5_font
1383,567,confirmed,譲,bitmap:l5_font
1384,568,confirmed,飲,bitmap:l5_font
1385,569,confirmed,煙,bitmap:l5_font
1386,56A,confirmed,鳩,bitmap:l5_font
1387,56B,confirmed,静,bitmap:l5_font
1388,56C,confirmed,伸,bitmap:l5_font
1389,56D,confirmed,鳴,bitmap:l5_font
1390,56E,confirmed,袋,bitmap:l5_font
1391,56F,confirmed,狡,bitmap:l5_font
1392,570,confirmed,猾,bitmap:l5_font
1393,571,confirmed,剥,bitmap:l5_font
1394,572,confirmed,吊,bitmap:l5_font
1395,573,confirmed,奥,bitmap:l5_font
1396,574,confirmed,枚,bitmap:l5_font
1397,575,confirmed,招,bitmap:l5_font
1398,576,confirmed,券,bitmap:l5_font
1399,577,confirmed,枝,bitmap:l5_font
1400,578,confirmed,腕,bitmap:l5_font
1401,579,confirmed,深,bitmap:l5_font
1402,57A,confirmed,捜,bitmap:l5_font
1403,57B,confirmed,腹,bitmap:l5_font
1404,57C,confirmed,喰,bitmap:l5_font
1405,57D,confirmed,汚,bitmap:l5_font
1406,57E,confirmed,例,bitmap:l5_font
1407,57F,confirmed,遊,bitmap:l5_font
1408,580,confirmed,姫,bitmap:l5_font
1409,581,confirmed,万,bitmap:l5_font
1410,582,confirmed,畳,bitmap:l5_font
1411,583,confirmed,鉛,bitmap:l5_font
1412,584,confirmed,謝,bitmap:l5_font
1413,585,confirmed,偽,bitmap:l5_font
1414,586,confirmed,耳,bitmap:l5_font
1415,587,confirmed,臣,bitmap:l5_font
1416,588,confirmed,央,bitmap:l5_font
1417,589,confirmed,題,bitmap:l5_font
1418,58A,confirmed,週,bitmap:l5_font
1419,58B,confirmed,嘘,bitmap:l5_font
1420,58C,confirmed,刑,bitmap:l5_font
1421,58D,confirmed,湖,bitmap:l5_font
1422,58E,confirmed,払,bitmap:l5_font
1423,58F,confirmed,搾,bitmap:l5_font
1424,590,confirmed,誘,bitmap:l5_font
1425,591,confirmed,朝,bitmap:l5_font
1426,592,confirmed,濡,bitmap:l5_font
1427,593,confirmed,花,bitmap:l5_font
1428,594,confirmed,冴,bitmap:l5_font
1429,595,confirmed,七,bitmap:l5_font
1430,596,confirmed,青,bitmap:l5_font
1431,597,confirmed,愚,bitmap:l5_font
1432,598,confirmed,仇,bitmap:l5_font
1433,599,confirmed,伐,bitmap:l5_font
1434,59A,confirmed,律,bitmap:l5_font
1435,59B,confirmed,故,bitmap:l5_font
1436,59C,confirmed,蓄,bitmap:l5_font
1437,59D,confirmed,飢,bitmap:l5_font
1438,59E,confirmed,納,bitmap:l5_font
1439,59F,confirmed,桁,bitmap:l5_font
1440,5A0,confirmed,卵,bitmap:l5_font
1441,5A1,confirmed,骸,bitmap:l5_font
1442,5A2,confirmed,咲,bitmap:l5_font
1443,5A3,confirmed,尋,bitmap:l5_font
1444,5A4,confirmed,裕,bitmap:l5_font
1445,5A5,confirmed,陛,bitmap:l5_font
1446,5A6,confirmed,吠,bitmap:l5_font
1447,5A7,confirmed,延,bitmap:l5_font
1448,5A8,confirmed,牢,bitmap:l5_font
1449,5A9,confirmed,裁,bitmap:l5_font
1450,5AA,confirmed,甲,bitmap:l5_font
1451,5AB,confirmed,庄,bitmap:l5_font
1452,5AC,confirmed,易,bitmap:l5_font
1453,5AD,confirmed,辱,bitmap:l5_font
1454,5AE,confirmed,梨,bitmap:l5_font
1455,5AF,confirmed,歳,bitmap:l5_font
1456,5B0,confirmed,憤,bitmap:l5_font
1457,5B1,confirmed,染,bitmap:l5_font
1458,5B2,confirmed,滞,bitmap:l5_font
1459,5B3,confirmed,届,bitmap:l5_font
1460,5B4,confirmed,閣,bitmap:l5_font
1461,5B5,confirmed,慌,bitmap:l5_font
1462,5B6,confirmed,棺,bitmap:l5_font
1463,5B7,confirmed,碑,bitmap:l5_font
1464,5B8,confirmed,紋,bitmap:l5_font
1465,5B9,confirmed,章,bitmap:l5_font
1466,5BA,confirmed,崩,bitmap:l5_font
1467,5BB,confirmed,床,bitmap:l5_font
1468,5BC,confirmed,踏,bitmap:l5_font
1469,5BD,confirmed,焦,bitmap:l5_font
1470,5BE,confirmed,到,bitmap:l5_font
1471,5BF,confirmed,泡,bitmap:l5_font
1472,5C0,confirmed,版,bitmap:l5_font
1473,5C1,confirmed,若,bitmap:l5_font
1474,5C2,confirmed,干,bitmap:l5_font
1475,5C3,confirmed,継,bitmap:l5_font
1476,5C4,confirmed,派,bitmap:l5_font
1477,5C5,confirmed,蝶,bitmap:l5_font
1478,5C6,confirmed,洞,bitmap:l5_font
1479,5C7,confirmed,筒,bitmap:l5_font
1480,5C8,confirmed,覗,bitmap:l5_font
1481,5C9,confirmed,衰,bitmap:l5_font
1482,5CA,confirmed,浮,bitmap:l5_font
1483,5CB,confirmed,股,bitmap:l5_font
1484,5CC,confirmed,斉,bitmap:l5_font
1485,5CD,confirmed,徹,bitmap:l5_font
1486,5CE,confirmed,尊,bitmap:l5_font
1487,5CF,confirmed,業,bitmap:l5_font
1488,5D0,confirmed,百,bitmap:l5_font
1489,5D1,confirmed,建,bitmap:l5_font
1490,5D2,confirmed,裔,bitmap:l5_font
1491,5D3,confirmed,隠,bitmap:l5_font
1492,5D4,confirmed,貢,bitmap:l5_font
1493,5D5,confirmed,往,bitmap:l5_font
1494,5D6,confirmed,因,bitmap:l5_font
1495,5D7,confirmed,縁,bitmap:l5_font
1496,5D8,confirmed,幾,bitmap:l5_font
1497,5D9,confirmed,崇,bitmap:l5_font
1498,5DA,confirmed,抹,bitmap:l5_font
1499,5DB,confirmed,濃,bitmap:l5_font
1500,5DC,confirmed,算,bitmap:l5_font
1501,5DD,confirmed,紙,bitmap:l5_font
1502,5DE,confirmed,謙,bitmap:l5_font
1503,5DF,confirmed,遜,bitmap:l5_font
1504,5E0,confirmed,頑,bitmap:l5_font
1505,5E1,confirmed,談,bitmap:l5_font
1506,5E2,confirmed,蓮,bitmap:l5_font
1507,5E3,confirmed,斥,bitmap:l5_font
1508,5E4,confirmed,候,bitmap:l5_font
1509,5E5,confirmed,償,bitmap:l5_font
1510,5E6,confirmed,拉,bitmap:l5_font
1511,5E7,confirmed,専,bitmap:l5_font
1512,5E8,confirmed,客,bitmap:l5_font
1513,5E9,confirmed,証,bitmap:l5_font
1514,5EA,confirmed,都,bitmap:l5_font
1515,5EB,confirmed,傑,bitmap:l5_font
1516,5EC,confirmed,斐,bitmap:l5_font
1517,5ED,confirmed,勉,bitmap:l5_font
1518,5EE,confirmed,哀,bitmap:l5_font
1519,5EF,confirmed,八,bitmap:l5_font
1520,5F0,confirmed,尖,bitmap:l5_font
1521,5F1,confirmed,叶,bitmap:l5_font
1522,5F2,confirmed,貨,bitmap:l5_font
1523,5F3,confirmed,♪,bitmap:l5_font
1524,5F4,confirmed,○,bitmap:l5_font
1525,5F5,confirmed,頂,bitmap:l5_font
1526,5F6,confirmed,貰,bitmap:l5_font
1527,5F7,confirmed,測,bitmap:l5_font
1528,5F8,confirmed,騙,bitmap:l5_font
1529,5F9,confirmed,誉,bitmap:l5_font
1530,5FA,confirmed,怠,bitmap:l5_font
1531,5FB,confirmed,詮,bitmap:l5_font
1532,5FC,confirmed,企,bitmap:l5_font
1533,5FD,confirmed,焼,bitmap:l5_font
1534,5FE,confirmed,排,bitmap:l5_font
1535,5FF,confirmed,図,bitmap:l5_font
1536,600,confirmed,諸,bitmap:l5_font
1537,601,confirmed,憩,bitmap:l5_font
1538,602,confirmed,歓,bitmap:l5_font
1539,603,confirmed,零,bitmap:l5_font
1540,604,confirmed,館,bitmap:l5_font
1541,605,confirmed,産,bitmap:l5_font
1542,606,confirmed,互,bitmap:l5_font
1543,607,confirmed,献,bitmap:l5_font
1544,608,confirmed,遣,bitmap:l5_font
1545,609,confirmed,嘆,bitmap:l5_font
1546,60A,confirmed,慮,bitmap:l5_font
1547,60B,confirmed,丸,bitmap:l5_font
1548,60C,confirmed,盛,bitmap:l5_font
1549,60D,confirmed,掘,bitmap:l5_font
1550,60E,confirmed,戯,bitmap:l5_font
1551,60F,confirmed,試,bitmap:l5_font
1552,610,confirmed,慕,bitmap:l5_font
1553,611,confirmed,恩,bitmap:l5_font
1554,612,confirmed,堂,bitmap:l5_font
1555,613,confirmed,卑,bitmap:l5_font
1556,614,confirmed,怯,bitmap:l5_font
1557,615,confirmed,芝,bitmap:l5_font
1558,616,confirmed,札,bitmap:l5_font
1559,617,confirmed,褒,bitmap:l5_font
1560,618,confirmed,稼,bitmap:l5_font
1561,619,confirmed,潰,bitmap:l5_font
1562,61A,confirmed,陥,bitmap:l5_font
1563,61B,confirmed,室,bitmap:l5_font
1564,61C,confirmed,停,bitmap:l5_font
1565,61D,confirmed,締,bitmap:l5_font
1566,61E,confirmed,隔,bitmap:l5_font
1567,61F,confirmed,覧,bitmap:l5_font
1568,620,confirmed,勧,bitmap:l5_font
1569,621,confirmed,几,bitmap:l5_font
1570,622,confirmed,廷,bitmap:l5_font
1571,623,confirmed,詫,bitmap:l5_font
1572,624,confirmed,曇,bitmap:l5_font
1573,625,confirmed,雨,bitmap:l5_font
1574,626,confirmed,弁,bitmap:l5_font
1575,627,confirmed,隷,bitmap:l5_font
1576,628,confirmed,窟,bitmap:l5_font
1577,629,confirmed,貧,bitmap:l5_font
1578,62A,confirmed,趣,bitmap:l5_font
1579,62B,confirmed,隙,bitmap:l5_font
1580,62C,confirmed,柱,bitmap:l5_font
1581,62D,confirmed,澄,bitmap:l5_font
1582,62E,confirmed,枢,bitmap:l5_font
1583,62F,confirmed,博,bitmap:l5_font
1584,630,confirmed,乞,bitmap:l5_font
1585,631,confirmed,肢,bitmap:l5_font
1586,632,confirmed,維,bitmap:l5_font
1587,633,confirmed,節,bitmap:l5_font
1588,634,confirmed,析,bitmap:l5_font
1589,635,confirmed,区,bitmap:l5_font
1590,636,confirmed,隣,bitmap:l5_font
1591,637,confirmed,局,bitmap:l5_font
1592,638,confirmed,暮,bitmap:l5_font
1593,639,confirmed,芽,bitmap:l5_font
1594,63A,confirmed,土,bitmap:l5_font
1595,63B,confirmed,融,bitmap:l5_font
1596,63C,confirmed,喪,bitmap:l5_font
1597,63D,confirmed,曖,bitmap:l5_font
1598,63E,confirmed,昧,bitmap:l5_font
1599,63F,confirmed,兼,bitmap:l5_font
1600,640,confirmed,劫,bitmap:l5_font
1601,641,confirmed,穫,bitmap:l5_font
1602,642,confirmed,紛,bitmap:l5_font
1603,643,confirmed,苗,bitmap:l5_font
1604,644,confirmed,努,bitmap:l5_font
1605,645,confirmed,励,bitmap:l5_font
1606,646,confirmed,粘,bitmap:l5_font
1607,647,confirmed,科,bitmap:l5_font
1608,648,confirmed,据,bitmap:l5_font
1609,649,confirmed,促,bitmap:l5_font
1610,64A,confirmed,繁,bitmap:l5_font
1611,64B,confirmed,弊,bitmap:l5_font
1612,64C,confirmed,酷,bitmap:l5_font
1613,64D,confirmed,惜,bitmap:l5_font
1614,64E,confirmed,傲,bitmap:l5_font
1615,64F,confirmed,添,bitmap:l5_font
1616,650,confirmed,噂,bitmap:l5_font
1617,651,confirmed,迅,bitmap:l5_font
1618,652,confirmed,績,bitmap:l5_font
1619,653,confirmed,茶,bitmap:l5_font
1620,654,confirmed,晩,bitmap:l5_font
1621,655,confirmed,郷,bitmap:l5_font
1622,656,confirmed,貿,bitmap:l5_font
1623,657,confirmed,顧,bitmap:l5_font
1624,658,confirmed,鎮,bitmap:l5_font
1625,659,confirmed,貝,bitmap:l5_font
1626,65A,confirmed,逝,bitmap:l5_font
1627,65B,confirmed,喫,bitmap:l5_font
1628,65C,confirmed,皮,bitmap:l5_font
1629,65D,confirmed,就,bitmap:l5_font
1630,65E,confirmed,堵,bitmap:l5_font
1631,65F,confirmed,乏,bitmap:l5_font
1632,660,confirmed,♡,bitmap:l5_font
1633,661,confirmed,寧,bitmap:l5_font
1634,662,confirmed,軟,bitmap:l5_font
1635,663,confirmed,鼻,bitmap:l5_font
1636,664,confirmed,婦,bitmap:l5_font
1638,666,confirmed,裸,bitmap:l5_font
1639,667,confirmed,宅,bitmap:l5_font
1640,668,confirmed,拳,bitmap:l5_font
1641,669,confirmed,麺,bitmap:l5_font
1642,66A,confirmed,毛,bitmap:l5_font
1643,66B,confirmed,戚,bitmap:l5_font
1644,66C,confirmed,商,bitmap:l5_font
1645,66D,confirmed,掃,bitmap:l5_font
1646,66E,confirmed,洗,bitmap:l5_font
1647,66F,confirmed,灌,bitmap:l5_font
1648,670,confirmed,炊,bitmap:l5_font
1649,671,confirmed,写,bitmap:l5_font
1650,672,confirmed,渉,bitmap:l5_font
1651,673,confirmed,粋,bitmap:l5_font
1652,674,confirmed,奉,bitmap:l5_font
1653,675,confirmed,庭,bitmap:l5_font
1654,676,confirmed,冊,bitmap:l5_font
1655,677,confirmed,逸,bitmap:l5_font
1656,678,confirmed,嬢,bitmap:l5_font
1657,679,confirmed,倉,bitmap:l5_font
1658,67A,confirmed,庫,bitmap:l5_font
1659,67B,confirmed,叫,bitmap:l5_font
1660,67C,confirmed,採,bitmap:l5_font
1661,67D,confirmed,換,bitmap:l5_font
1662,67E,confirmed,鐘,bitmap:l5_font
1663,67F,confirmed,曲,bitmap:l5_font
1664,680,confirmed,懸,bitmap:l5_font
1665,681,confirmed,筑,bitmap:l5_font
1667,683,confirmed,奏,bitmap:l5_font
1668,684,confirmed,遙,bitmap:l5_font
1669,685,confirmed,飽,bitmap:l5_font
1670,686,confirmed,垂,bitmap:l5_font
1671,687,confirmed,雹,bitmap:l5_font
1672,688,confirmed,聘,bitmap:l5_font
1673,689,confirmed,踊,bitmap:l5_font
1674,68A,confirmed,頬,bitmap:l5_font
1675,68B,confirmed,戴,bitmap:l5_font
1676,68C,confirmed,夕,bitmap:l5_font
1677,68D,confirmed,丘,bitmap:l5_font
1678,68E,confirmed,春,bitmap:l5_font
1679,68F,confirmed,温,bitmap:l5_font
1680,690,confirmed,泉,bitmap:l5_font
1681,691,confirmed,汗,bitmap:l5_font
1682,692,confirmed,汁,bitmap:l5_font
1683,693,confirmed,累,bitmap:l5_font
1684,694,confirmed,電,bitmap:l5_font
1685,695,confirmed,才,bitmap:l5_font
1686,696,confirmed,[,bitmap:l5_font
1687,697,confirmed,],bitmap:l5_font
1688,698,confirmed,←,bitmap:l5_font
1689,699,confirmed,↓,bitmap:l5_font
1690,69A,confirmed,誌,bitmap:l5_font
1691,69B,confirmed,複,bitmap:l5_font
1692,69C,confirmed,酒,bitmap:l5_font
1693,69D,confirmed,^,bitmap:l5_font
1694,69E,confirmed,妹,bitmap:l5_font
1695,69F,confirmed,論,bitmap:l5_font
1696,6A0,confirmed,査,bitmap:l5_font
1697,6A1,confirmed,医,bitmap:l5_font
1698,6A2,confirmed,癖,bitmap:l5_font
1699,6A3,confirmed,峠,bitmap:l5_font
1700,6A4,confirmed,迫,bitmap:l5_font
1701,6A5,confirmed,忙,bitmap:l5_font
1702,6A6,confirmed,酬,bitmap:l5_font
1703,6A7,confirmed,訣,bitmap:l5_font
1704,6A8,confirmed,網,bitmap:l5_font
1705,6A9,confirmed,社,bitmap:l5_font
1706,6AA,confirmed,齢,bitmap:l5_font
1707,6AB,confirmed,至,bitmap:l5_font
1708,6AC,confirmed,溪,bitmap:l5_font
1709,6AD,confirmed,暖,bitmap:l5_font
1710,6AE,confirmed,絵,bitmap:l5_font
1711,6AF,confirmed,糸,bitmap:l5_font
1712,6B0,confirmed,謁,bitmap:l5_font
1713,6B1,confirmed,謹,bitmap:l5_font
1714,6B2,confirmed,河,bitmap:l5_font
1715,6B3,confirmed,挨,bitmap:l5_font
1716,6B4,confirmed,拶,bitmap:l5_font
1717,6B5,confirmed,拾,bitmap:l5_font
1718,6B6,confirmed,膨,bitmap:l5_font
1719,6B7,confirmed,蘇,bitmap:l5_font
1720,6B8,confirmed,剰,bitmap:l5_font
1721,6B9,confirmed,校,bitmap:l5_font
1722,6BA,confirmed,院,bitmap:l5_font
1723,6BB,confirmed,賛,bitmap:l5_font
1724,6BC,confirmed,境,bitmap:l5_font
1725,6BD,confirmed,掲,bitmap:l5_font
1726,6BE,confirmed,蹴,bitmap:l5_font
1727,6BF,confirmed,営,bitmap:l5_font
1728,6C0,confirmed,腐,bitmap:l5_font
1729,6C1,confirmed,堪,bitmap:l5_font
1730,6C2,confirmed,叙,bitmap:l5_font
1731,6C3,confirmed,翌,bitmap:l5_font
1732,6C4,confirmed,昼,bitmap:l5_font
1733,6C5,confirmed,推,bitmap:l5_font
1734,6C6,confirmed,蜂,bitmap:l5_font
1735,6C7,confirmed,農,bitmap:l5_font
1736,6C8,confirmed,委,bitmap:l5_font
1737,6C9,confirmed,釈,bitmap:l5_font
1738,6CA,confirmed,旗,bitmap:l5_font
1739,6CB,confirmed,翻,bitmap:l5_font
1740,6CC,confirmed,亀,bitmap:l5_font
1741,6CD,confirmed,机,bitmap:l5_font
1742,6CE,confirmed,呆,bitmap:l5_font
1743,6CF,confirmed,窓,bitmap:l5_font
1744,6D0,confirmed,源,bitmap:l5_font
1745,6D1,confirmed,削,bitmap:l5_font
1746,6D2,confirmed,扮,bitmap:l5_font
1747,6D3,confirmed,症,bitmap:l5_font
1748,6D4,confirmed,填,bitmap:l5_font
1749,6D5,confirmed,縛,bitmap:l5_font
1750,6D6,confirmed,堤,bitmap:l5_font
1751,6D7,confirmed,洪,bitmap:l5_font
1752,6D8,confirmed,孫,bitmap:l5_font
1753,6D9,confirmed,胞,bitmap:l5_font
1754,6DA,confirmed,圏,bitmap:l5_font
1755,6DB,confirmed,腰,bitmap:l5_font
1756,6DC,confirmed,售,bitmap:l5_font
1757,6DD,confirmed,察,bitmap:l5_font
1758,6DE,confirmed,基,bitmap:l5_font
1759,6DF,confirmed,巡,bitmap:l5_font
1760,6E0,confirmed,慎,bitmap:l5_font
1761,6E1,confirmed,塩,bitmap:l5_font
1762,6E2,confirmed,枯,bitmap:l5_font
1763,6E3,confirmed,渇,bitmap:l5_font
1764,6E4,confirmed,欺,bitmap:l5_font
1765,6E5,confirmed,祈,bitmap:l5_font
1766,6E6,confirmed,摂,bitmap:l5_font
1767,6E7,confirmed,州,bitmap:l5_font
1768,6E8,confirmed,璧,bitmap:l5_font
1769,6E9,confirmed,閃,bitmap:l5_font
1770,6EA,confirmed,壮,bitmap:l5_font
1771,6EB,confirmed,綺,bitmap:l5_font
1772,6EC,confirmed,麗,bitmap:l5_font
1773,6ED,confirmed,逐,bitmap:l5_font
1774,6EE,confirmed,随,bitmap:l5_font
1775,6EF,confirmed,掴,bitmap:l5_font
1776,6F0,confirmed,菜,bitmap:l5_font
1777,6F1,confirmed,穏,bitmap:l5_font
1778,6F2,confirmed,惚,bitmap:l5_font
1779,6F3,confirmed,鼓,bitmap:l5_font
1780,6F4,confirmed,則,bitmap:l5_font
1781,6F5,confirmed,劇,bitmap:l5_font
1782,6F6,confirmed,馴,bitmap:l5_font
1783,6F7,confirmed,惰,bitmap:l5_font
1784,6F8,confirmed,草,bitmap:l5_font
1785,6F9,confirmed,瞳,bitmap:l5_font
1786,6FA,confirmed,遇,bitmap:l5_font
1787,6FB,confirmed,莱,bitmap:l5_font
1788,6FC,confirmed,洋,bitmap:l5_font
1789,6FD,confirmed,耗,bitmap:l5_font
1790,6FE,confirmed,克,bitmap:l5_font
1791,6FF,confirmed,掌,bitmap:l5_font
1792,700,confirmed,頻,bitmap:l5_font
1793,701,confirmed,是,bitmap:l5_font
1794,702,confirmed,濁,bitmap:l5_font
1795,703,confirmed,逢,bitmap:l5_font
1796,704,confirmed,漠,bitmap:l5_font
1797,705,confirmed,簒,bitmap:l5_font
1798,706,confirmed,些,bitmap:l5_font
1799,707,confirmed,惨,bitmap:l5_font
1800,708,confirmed,募,bitmap:l5_font
1801,709,confirmed,賭,bitmap:l5_font
1802,70A,confirmed,飯,bitmap:l5_font
1803,70B,confirmed,依,bitmap:l5_font
1804,70C,confirmed,洒,bitmap:l5_font
1805,70D,confirmed,輩,bitmap:l5_font
1806,70E,confirmed,捉,bitmap:l5_font
1807,70F,confirmed,箇,bitmap:l5_font
1808,710,confirmed,泳,bitmap:l5_font
1809,711,confirmed,詩,bitmap:l5_font
1810,712,confirmed,拘,bitmap:l5_font
1811,713,confirmed,益,bitmap:l5_font
1812,714,confirmed,鬼,bitmap:l5_font
1813,715,confirmed,戮,bitmap:l5_font
1814,716,confirmed,華,bitmap:l5_font
1815,717,confirmed,抽,bitmap:l5_font
1816,718,confirmed,膳,bitmap:l5_font
1817,719,confirmed,唯,bitmap:l5_font
